Country Name,Country Code,Year,physicians,gdp,health_expenditure,population_growth,school_enrollment,unemployment,urban_population,log_gdp,shortage
Afghanistan,AFG,2018,0.303,18053222687.4126,2.4323008274520808,1.4507992159542968,-1.8029096120033992,0.7811078351747359,-1.6832411165809713,-0.6041060890444033,1
Angola,AGO,2018,0.211,89512794227.495,-1.6212607236073602,1.8803082820756005,-0.11362812175394851,1.8013122533909567,0.18863105493781995,0.12181640240241345,1
Andorra,AND,2018,4.535,3218418631.67579,0.10741840235536168,0.6336615919559513,-1.5749327110876443,-0.381566904291458,1.2252206372788812,-1.3859678249136616,0
United Arab Emirates,ARE,2018,2.605,440560108917.631,-1.0087215381622732,0.19895716422556647,-0.07969698362235164,-0.9077924919129673,1.0581601502178786,0.8443873325832125,0
Argentina,ARG,2018,5.167,524819892360.176,1.0587592224474434,-0.2024226808498183,1.4305002283022095,0.40923295297096757,1.374511092167694,0.9237364101927802,0
Armenia,ARM,2018,2.893,12457940694.7395,1.001762627181084,-1.130961328472863,0.08966024595970158,2.247109525971945,0.14178483372636752,-0.7723027815470827,0
Australia,AUS,2018,3.726,1433144978761.67,1.030230899740883,0.3305028741363482,1.9184676036427986,-0.32150496210996715,1.166540635598659,1.3792110432028288,0
Austria,AUT,2018,5.241,452582294972.775,1.1754433082858715,-0.4683976419342396,1.2225617679604297,-0.3991989030166368,0.2908234585813149,0.8565941465279863,0
Azerbaijan,AZE,2018,3.236,47112470051.7701,-1.0978722624176291,-0.16809872588132455,-1.046219650926313,-0.4054219613902292,-0.20929404264752713,-0.1691968338447236,0
Burundi,BDI,2018,0.094,2913411408.44783,0.07887920166495264,1.53645361848288,-2.0199530401438404,-1.1131534182415188,-2.0183377211328364,-1.4311109831741045,1
Belgium,BEL,2018,3.355,542638913427.921,1.338164366204827,-0.4936470207395504,0.9535597298858475,-0.20911275633235757,1.1510421747496313,0.9388750347714543,0
Benin,BEN,2018,0.073,14262408089.9261,-1.2340563902427768,1.3738585575262872,-1.7399873420222,-1.0605402883556916,-0.6301085057059663,-0.7109715359964096,1
Burkina Faso,BFA,2018,0.082,15890066221.2882,-0.7208652390597047,1.2816058842188969,-1.9495561175428169,-0.44408035431709153,-1.6335955900819268,-0.6619738056474858,1
Bangladesh,BGD,2018,0.573,321362752441.78,-1.6153562622093962,-0.20401765745829323,-1.4211017316588261,-0.49235620109405137,-1.430519851367239,0.7013497532017853,1
Bulgaria,BGR,2018,4.217,66097226262.2191,0.09484261913795006,-1.9400465070008905,1.113503426109225,-0.3467743506572819,0.5424974719056904,-0.015679901250394687,0
Bahrain,BHR,2018,0.729,39567978723.4043,-1.0615773587618564,-0.749965441525522,-0.19726806276496606,-1.1054217396561465,1.7515048820620425,-0.2483234273443901,0
Bosnia and Herzegovina,BIH,2018,2.457,20484058033.1144,0.5782055251408851,-1.8225974479271703,-0.2157733256751906,2.14037464598851,-0.5853819751976658,-0.5468311262942961,0
Belarus,BLR,2018,4.486,60031026576.26,-0.5225299479236666,-1.0233907289785824,1.1763025315521214,-0.43125708251696165,0.7079615402711508,-0.059326748915678414,0
Belize,BLZ,2018,1.086,2285915050.0,-0.7851863218947513,0.6223741266068952,-1.22103728418753,0.4329937213065024,-0.8513235890581132,-1.5410873821650868,0
Brunei Darussalam,BRN,2018,1.763,13566908391.0895,-1.581392677950783,0.06239030533058043,-1.0878447786638683,0.3111726392052677,0.598232935713932,-0.7336387532000322,0
Bhutan,BTN,2018,0.421,2583335721.85904,-1.3591501616656843,-0.28675164929721486,-1.6061481961691657,-0.6977171274226031,-1.0665038615022002,-1.485629491147169,1
Botswana,BWA,2018,0.402,17031943186.1353,-0.3478870043158031,0.2695193165442027,-0.11362812175394851,2.3789252169762216,0.201669387493917,-0.6305093242412189,1
Central African Republic,CAF,2018,0.069,2220979146.11241,1.3385194731544297,0.5400918499182403,-0.11362812175394851,-0.2309877494031674,-0.9375293335890272,-1.554153631463868,1
Canada,CAN,2018,2.411,1725329192783.02,1.3139385481896209,0.2807990424985522,0.563860736736558,-0.22872481908549752,0.9065683433992333,1.4633382081868918,0
Switzerland,CHE,2018,4.338,725568717468.001,1.407977268619967,-0.2707860323317545,0.3645924185849083,-0.4406859588405866,0.803169260447595,1.070593586372552,0
Chile,CHL,2018,2.569,295857562991.709,0.710742502554461,0.5596509088700873,1.4349992391878295,0.10807464319438621,1.2002136534383319,0.6638568494018902,0
China,CHN,2018,2.122,14147765772963.8,-0.6783007808221304,-0.4837591113117613,-0.07222161349469854,-0.5166827020090039,-0.011636005223977931,2.4173588173058507,0
Cameroon,CMR,2018,0.131,39955552189.795,-1.1717008937396496,1.3395468182086088,-1.621517038920482,-0.6490641255926982,-0.37187781556245875,-0.2439039065793642,1
Colombia,COL,2018,2.242,334198218098.276,0.2231293511104899,0.6022135470148435,0.08415772544225161,0.4356338066771172,0.7110394764468638,0.7191066635620224,0
Comoros,COM,2018,0.285,1178530633.24599,-0.7348510622136051,0.6921687606279605,-0.11362812175394851,-0.579856173377291,-1.3897705283014048,-1.8414652373279328,1
Cabo Verde,CPV,2018,0.711,2205099506.99994,-0.7749130532004957,-0.7735291779877295,-1.2329100198545222,0.9655366560648402,0.3958062696825546,-1.5574070259179245,0
Costa Rica,CRI,2018,2.253,62420164991.5374,0.07612761292745512,-0.13786841892456494,-0.10351183254107789,0.36963167241174255,0.6777891783863859,-0.04163190356451513,0
Cuba,CUB,2018,8.505,100050036100.0,1.3465467070702062,-1.0000148819962058,-0.5127665323843895,-1.0088700461022269,0.6989104229286429,0.17227498355915674,0
Cyprus,CYP,2018,2.789,25754001367.5448,-0.0945351492276327,0.1784204358157466,1.04181629803855,0.2742114440166579,0.2322444873025499,-0.4430278919520966,0
Czechia,CZE,2018,4.069,251992360762.236,0.10535073111431148,-0.5892668101390774,0.46176086000967714,-0.9059067166482423,0.5081349309311413,0.5910951983423934,0
Germany,DEU,2018,4.287,4055433215301.96,1.4028369855873932,-0.616110411872612,0.5563923958832795,-0.6913054915225381,0.8878958733333364,1.8508334719808677,0
Dominica,DMA,2018,1.158,628244444.444444,-0.29858330833583946,-1.2271965626377275,-0.11362812175394851,-0.381566904291458,0.42507812185058885,-2.1266978424021685,0
Denmark,DNK,2018,4.196,355293374912.393,1.048119325534709,-0.4614556361366502,1.0339795445911424,-0.3618605527750819,1.206804942572343,0.7468592015319122,0
Dominican Republic,DOM,2018,1.426,84994732049.3461,-0.9681799560639228,-0.003422823584267713,-0.11362812175394851,-0.22419895845015753,0.5497659305576922,0.0983336788970616,0
Algeria,DZA,2018,1.708,194554483655.528,-0.3845477295310526,0.6803424865062337,-0.09283137393953796,0.9545991595294353,0.46487480576292156,0.4738062282919383,0
Ecuador,ECU,2018,2.341,107478961000.0,0.26256779468839564,0.5044902475492081,-0.31416752304317946,-0.6637731726575532,0.05903330416283366,0.2047497583044536,0
Eritrea,ERI,2018,0.088,53975431394.2274,-0.9580256508526118,0.20485265484568274,-0.11362812175394851,-0.24399959872976987,-1.2094373948836126,-0.10753814080774557,1
Spain,ESP,2018,3.996,1431642809327.06,0.683793008926146,-0.49650630861821393,1.4739733976078901,1.5472983252325005,0.8153412060619509,1.3787355548735112,0
Estonia,EST,2018,3.483,31222632740.7247,-0.16986356725652044,-0.5784884700083066,0.6721308399160905,-0.30887026783630966,0.3446647724811653,-0.3557238852989448,0
Ethiopia,ETH,2018,0.075,83337901071.9697,-1.279249985019809,1.2813010610763291,-0.11362812175394851,-0.7993604141912801,-1.8762879424737589,0.08940808194593924,1
Finland,FIN,2018,3.463,273869255596.078,0.6955848931779108,-0.7490479145309543,1.4823516658509677,0.058667331258591325,0.48489214180816265,0.6288418385277176,0
France,FRA,2018,3.214,2781576320884.39,1.4452693321406442,-0.5702094985776565,0.4917985031922517,0.3711402926235227,0.7747400970881742,1.6798829326270812,0
Gabon,GAB,2018,0.618,16867326401.9626,-1.4669144573146802,1.1547115015020055,-0.11362812175394851,2.528655772995386,1.268538949090642,-0.6349128500308847,0
United Kingdom,GBR,2018,2.828,2897028009916.05,0.9301271212949477,-0.46730539580238306,0.23586507289007047,-0.5477979938769663,0.9476259966008408,1.6983217001433821,0
Georgia,GEO,2018,7.51,17902544880.6471,0.2358831711173799,-0.8849879914485942,0.46006983566367277,1.0592596867216724,-0.15801776158894343,-0.607906203049472,0
Ghana,GHA,2018,0.144,67259353965.6087,-1.576626650659156,0.7891128103252157,-1.567302850449264,-0.7252494462875879,-0.29931433888571557,-0.007777414869596714,1
Guinea,GIN,2018,0.219,11857030366.7891,-1.131290204828058,1.1602328227748517,-0.11362812175394851,-0.4176795006109417,-1.1860660856923817,-0.7947177281863795,1
Guinea-Bissau,GNB,2018,0.301,1554133593.91699,0.07468868302635147,1.0257828426659799,-0.11362812175394851,-0.7397699158259704,-0.8384979387921245,-1.7160316941141116,1
Greece,GRC,2018,6.105,213298873494.394,0.34392491661976526,-1.0147249271294687,3.4188916277067607,2.2872765391105867,0.7462376297498121,0.5155110891390202,0
Grenada,GRD,2018,1.383,1166514814.81481,-0.8435793255815432,-0.6807250230726816,1.7855686165796494,-0.381566904291458,-1.1761464706840892,-1.84611166575155,0
Guatemala,GTM,2018,0.363,73328356007.6152,-0.32524488596547846,0.46513518687596883,-0.11362812175394851,-0.8989293481687597,-0.36217018945879326,0.03139255869710631,1
Guyana,GUY,2018,1.79,4787636997.85343,-0.7342589983310915,1.488751476247682,-0.11362812175394851,1.2402941121352717,-1.6182256101878905,-1.2059006825898013,0
Croatia,HRV,2018,3.497,61667925219.0755,-0.11864800775348343,-1.8920709865352419,0.7038943333435126,0.23989033419866299,-0.2592568295270635,-0.047129145731059634,0
Haiti,HTI,2018,0.238,16403864617.8458,-0.9345358530174451,0.19740585223381588,-0.11362812175394851,1.2981874127623287,-0.47533530007549785,-0.6475452838509452,1
Hungary,HUN,2018,3.384,161184691013.835,-0.17276999027539244,-1.0153639617846688,-0.17186545028954803,-0.6379380515308208,0.3991998187667542,0.3884934919222245,0
Indonesia,IDN,2018,0.421,1042271532988.63,-1.4276954385999707,-0.08620215645247943,-0.7600371712531633,-0.5021622324706214,-0.30493780336946225,1.2348166674489094,1
India,IND,2018,0.84,2702929641648.74,-1.4307874510510497,0.01480069535378623,-1.0708789867634312,0.11354339146208868,-1.2940076329611874,1.6668786618104923,0
Ireland,IRL,2018,3.276,395780319816.603,-0.1072490447193325,0.29519824983365556,0.8801552697805989,-0.24682826162685745,0.06091656203753152,0.7957882759339421,0
Iraq,IRQ,2018,0.676,227367469034.031,-1.016391878225593,0.9927615806533511,-0.11362812175394851,1.2084245101614193,0.3719666503193776,0.5444713078998612,0
Iceland,ISL,2018,3.891,26677652544.3499,0.46832689796279536,1.2665658095469736,0.5634424317679931,-0.8195382095238376,1.4699809722232735,-0.42705172023845844,0
Israel,ISR,2018,3.477,376299083108.497,0.05898234471421058,0.6714871201273306,0.08706410836382802,-0.590793669912696,1.368906804202862,0.7729027917009617,0
Italy,ITA,2018,3.987,2099435266458.67,0.5420148132377984,-0.6611048174986488,0.36945449131768876,0.6577781328617215,0.35380796740402765,1.5523185718588173,0
Jamaica,JAM,2018,0.548,16855447986.2221,-0.07602544624235297,-0.7323209729018575,-0.11362812175394851,-0.29793277130090473,-0.24990339251150567,-0.6352322600980173,1
Japan,JPN,2018,2.485,5040880939324.86,1.2517412929959761,-0.9545454409730335,0.2790823648003412,-0.86423108329782,1.3685455877294654,1.9494589734692354,0
Kazakhstan,KAZ,2018,3.531,179339977690.485,-1.4164477394451114,0.32910649068916,-0.1293438681149404,-0.4148508377138543,-0.16099516290776866,0.4368861970421235,0
Kenya,KEN,2018,0.16,92202979985.2863,-1.0085542091754198,0.7540077205598679,-0.11362812175394851,-0.5215857176972888,-1.3903823805248916,0.13524203410131003,1
Cambodia,KHM,2018,0.211,33145892168.8958,-0.8730749413481658,0.1307122288700405,-1.6724685112452093,-1.305125340190523,-1.1043202519946058,-0.3286215346704286,1
Kuwait,KWT,2018,2.03,138646316350.727,-0.6433505096511486,2.297542663859373,-0.12374441096681915,-0.9142041278130322,1.7515048820620425,0.32019998394571075,0
Lebanon,LBN,2018,2.412,54901519155.5556,0.3431215455184487,-3.149478725746274,-0.3182170771257098,0.698699456106254,1.2602424395927296,-0.09982484427257832,0
Liberia,LBR,2018,0.14,3422754800.0,1.1480656727337886,0.6951070789354549,-0.11362812175394851,-0.7527817651525729,-0.4318435909929097,-1.3580584003290408,1
Sri Lanka,LKA,2018,0.958,94450015982.8405,-1.164149517159274,-0.057150913570906646,-1.4882540963812507,-0.5151740817972239,-1.9431365748629528,0.14615918728597513,0
Lesotho,LSO,2018,0.457,2556247291.99785,1.3832882547524388,0.11250593215756999,-1.805201513043227,1.8035751837086267,-1.1075873867460053,-1.4904088905666624,1
Lithuania,LTU,2018,4.596,54261795148.5372,-0.20191975014375782,-1.509691138444833,0.5785379172517024,-0.17026578587902266,0.2469414254579953,-0.10513899986003551,0
Latvia,LVA,2018,3.303,33247935477.3576,-0.2224841395426839,-1.4710254822482796,1.5078509282909829,0.06828478510868882,0.2867639049145677,-0.3272278307427955,0
Monaco,MCO,2018,8.298,7184333936.01355,-1.0259692146289745,0.14000867405319917,-0.11362812175394851,-0.381566904291458,1.7515048820620425,-1.021880326899019,0
Madagascar,MDG,2018,0.195,13760033282.2925,-0.966835970267784,1.207338725913733,-1.9973854376609352,-0.8951577976393098,-1.4579724658303252,-0.7272300846555679,1
Maldives,MDV,2018,1.862,5404344162.69888,0.07890533469373644,1.6646693077709216,-0.11362812175394851,-0.39373015474893436,-1.0103511452366876,-1.1509637234852435,0
Mexico,MEX,2018,2.456,1256300182879.73,-0.6208200506056264,-0.10452602030862401,-0.5411718480550423,-0.7118604419080405,0.7452327124611084,1.3194978839169607,0
North Macedonia,MKD,2018,3.315,12683068114.2388,-0.20599325557624404,-1.2557119669147663,-0.4527885715245882,2.669900340323288,-0.07310201274135845,-0.7641825080064666,0
Mali,MLI,2018,0.12,20368015381.2413,-1.1333048033525386,1.6207374996285238,-0.11362812175394851,-1.0239562482200266,-1.5595571044719987,-0.5494069614551496,1
Malta,MLT,2018,3.972,16153779510.9928,0.35754556830646567,1.9433327451594746,0.0638442277252377,-0.5834391463802685,1.5098955104124392,-0.6545108553893589,0
Myanmar,MMR,2018,0.696,67860515993.1186,-0.8601177615856409,-0.28044729805554625,-1.3891507057831927,-1.1848128783010685,-1.4545166224573598,-0.003742925780711045,0
Montenegro,MNE,2018,2.809,5433467174.79183,0.4361215614434462,-0.7964169944632196,0.11855425850815782,1.5350407860117878,0.15255257443849182,-1.1485269839649663,0
Mongolia,MNG,2018,3.526,13178094720.4986,-0.8603402701326194,0.6225352268953919,0.3944849479711204,-0.31547048126284716,0.28000027137275535,-0.7468226207029471,0
Mozambique,MOZ,2018,0.085,15017358952.8452,0.3120519678565923,1.5062983804934513,-1.903907665465775,-0.5355404546562538,-1.3172802710186353,-0.6875852801569765,1
Mauritania,MRT,2018,0.196,7473550557.07378,-1.4222335607044576,1.5004902819373398,-1.9968281326413893,0.633828786999714,-0.3033430159706629,-1.0039857398952015,1
Mauritius,MUS,2018,1.858,14957535715.9696,-0.4966258128865655,-0.8108945401402643,-0.590236754555302,-0.11765265599319538,-1.0261436971038715,-0.6893950617908009,0
Malawi,MWI,2018,0.15,9879220354.29186,-0.06116711416300426,1.2610490390869946,-2.1339387562585648,-0.38260408068705687,-2.0943534611297094,-0.8774578554977489,1
Malaysia,MYS,2018,1.858,358788845712.53,-1.124138240177186,0.4934231133636976,-0.4745109262011422,-0.707146003746228,0.5866105873864952,0.751298090532228,0
Namibia,NAM,2018,0.335,13682019076.4022,0.5307176117684524,1.3412520290711036,-1.2564532484819413,2.4189036525883916,-0.6563039447324529,-0.7298080176872802,1
Niger,NER,2018,0.037,12837307496.8821,-0.5987325018105055,1.8784454906510744,-2.0285181678858275,-1.2283742869162158,-2.0658338222757475,-0.7587019237114082,1
Nigeria,NGA,2018,0.364,421739251509.08,-1.3517554028659127,0.9767783672821615,-0.11362812175394851,-0.3735523594163769,-0.16481772422611304,0.8245919601538599,1
Nicaragua,NIC,2018,0.682,13025221974.232,0.4891486864632793,0.19017837904812757,-0.11362812175394851,-0.34884870344847946,-0.1550608134694907,-0.752113064278563,0
Netherlands,NLD,2018,3.632,929733599796.862,0.9491444884864257,-0.39169946702832004,1.1341424411472283,-0.6068227596628585,1.412899817942613,1.1830111067675873,0
Norway,NOR,2018,4.466,439788625883.8,0.9864274643297317,-0.33139545304036644,1.2033605051270986,-0.6126686629835059,0.9384047444624635,0.8435926657191871,0
Nepal,NPL,2018,0.749,33111525237.149,-0.8623957666088924,-0.6608699302285468,-1.6985259135924873,0.6681498968177089,0.18575548328340966,-0.3290918830511997,0
New Zealand,NZL,2018,3.311,211985631173.205,0.51308236798545,0.5642865552009414,1.0383962366155786,-0.5119682638471913,1.0096897417623303,0.5127109471833647,0
Oman,OMN,2018,2.104,91505851755.5267,-1.309550027011338,0.19442064497162773,-0.40895674374408714,-0.9900122934549769,0.7882105957696091,0.13180092789711592,0
Pakistan,PAK,2018,0.917,356128166704.921,-1.4410134059613613,0.4316343711719601,-1.8742494867952462,-0.5594898005182611,-1.1451970514285168,0.7479232580987256,0
Panama,PAN,2018,1.609,67316471181.2488,0.18349566201771766,0.47075159795195715,-0.11362812175394851,-0.356203226980907,0.18115323100493402,-0.007392545489158204,0
Peru,PER,2018,1.373,222597009739.235,-0.673459935057109,0.5811491296020607,-0.11362812175394851,-0.6709391186635082,0.958567933175301,0.5348571424060482,0
Philippines,PHL,2018,0.695,346841896587.313,-1.0579799523221096,0.12530999113705127,-1.080347332841834,-0.8885575842127723,-0.3913456300015619,0.7359436364048743,0
Palau,PLW,2018,1.573,287998352.050781,1.4053181869923042,-0.8451870301909219,-0.11362812175394851,-0.381566904291458,0.815070142386716,-2.4803398174913904,0
Papua New Guinea,PNG,2018,0.064,24109780708.0268,-1.6207011234951698,0.9860397687518856,-0.11362812175394851,-0.8297213959533526,-2.2001230694565717,-0.47293991039062316,1
Poland,POL,2018,2.341,594616687350.017,-0.27612572089050696,-0.8542360154026362,0.630492611234423,-0.606257027083441,-0.07789690841003603,0.9803490061550316,0
Portugal,PRT,2018,5.276,242092894542.888,0.8029148012522117,-0.9808532823717103,0.3948713096511756,-0.015820791698045792,-0.0288961625148473,0.5729240921466963,0
Paraguay,PRY,2018,1.466,40225448340.6341,-0.10797467703744827,0.24656413093910426,-0.11362812175394851,-0.15706535902594781,0.09940582715639985,-0.24085151520480239,0
Qatar,QAT,2018,2.504,183335164835.165,-1.395638768994432,0.22448340564534097,-1.5058449582210378,-1.3087083131935004,1.7091695206363953,0.44687584682664133,0
Romania,ROU,2018,3.028,241791427223.903,-0.5267660751303455,-1.3192744671933037,-0.1282239210857066,-0.5398777377651212,-0.3942911707516213,0.572359139429438,0
Russian Federation,RUS,2018,4.097,1657328773461.31,-0.580999720360682,-0.7969581406921705,1.0510285975179436,-0.4108907096579316,0.5857326806351105,1.44510658341704,0
Rwanda,RWA,2018,0.132,9637904520.86283,-0.5462758548867118,0.980052334704993,-1.931904056326394,0.6994537662121438,-1.8415729027566459,-0.8886704332499987,1
Saudi Arabia,SAU,2018,2.899,886564800000.0,-0.5859611531375262,-2.8762369831249917,0.7172377882072805,-0.1925179340027776,0.994533884123881,1.1614546226559763,0
Singapore,SGP,2018,2.443,377123710560.614,-1.0174977736818684,-0.4821499112962245,1.3428468565392648,-0.6481212379603357,1.7515048820620425,0.7738952963842671,0
Sierra Leone,SLE,2018,0.075,6390514688.52816,-0.6000373765577061,1.0046016262154076,-0.11362812175394851,-0.7275123766052579,-0.8954593890597591,-1.0749682527547508,1
El Salvador,SLV,2018,2.963,26020850000.0,0.42904084826750954,-0.7741639523913751,-1.0772485031048762,-0.5740102700566435,0.4581185571364343,-0.43835416513451186,0
Serbia,SRB,2018,2.966,52787520248.9242,0.3820528116084574,-1.2866973739918635,0.4764523389492027,1.0717058034688574,-0.041716601455139404,-0.11762822211403648,0
South Sudan,SSD,2018,0.041,53975431394.2274,1.5769613870052093,-1.9121722512151933,-0.11362812175394851,1.094335106645557,-1.9293379316926456,-0.10753814080774557,1
Suriname,SUR,2018,0.787,3996198866.57453,-0.15538906871741479,-0.08428692825762715,-0.11362812175394851,0.14465868333005105,0.1976113214320864,-1.2878273929842503,0
Slovenia,SVN,2018,3.185,53689067639.9176,0.4390932285400405,-0.5669710470921215,0.8809015258445132,-0.3661978358839495,-0.3005569919199465,-0.10995004418404852,0
Sweden,SWE,2018,4.322,549649344043.182,1.3713597149776655,0.06575209191104975,0.7256595774677861,-0.12915588510801781,1.1778511285396775,0.9446950852518561,0
Eswatini,SWZ,2018,0.238,4643751059.28203,0.08752981961573898,-0.12359632881343754,-0.11362812175394851,3.662383862148052,-1.7263460107625728,-1.2197360212569994,1
Seychelles,SYC,2018,2.087,1784313926.76807,-0.9003099139800265,-0.09843716625263231,-0.6520301150002344,-0.381566904291458,-0.825044932344987,-1.6534097375458339,0
Syrian Arab Republic,SYR,2018,1.5,21497782867.6426,-1.0631851560880798,0.5874019207933957,-0.11362812175394851,1.2172876539056268,0.5636116801323217,-0.5249305070835568,0
Chad,TCD,2018,0.05,15327000248.8701,-1.2841497441210137,1.8061350761961743,-0.11362812175394851,-1.1154163485591888,-1.7359320990665665,-0.6783317096543905,1
Togo,TGO,2018,0.074,7029215766.46367,-0.3068280202416077,1.103175083033355,-1.6869835445573123,-0.7825770143352279,-0.9498548215537103,-1.0317770340449153,1
Thailand,THA,2018,0.518,506754208404.485,-1.08637145953531,-0.614207833365288,-0.3605980892867449,-1.1851900333540137,-0.32835383531768336,0.9078541706910244,1
Tajikistan,TJK,2018,1.934,7764999999.45362,-0.016471854257461307,1.0521635896581363,-0.11362812175394851,-0.004128985056750953,-1.626696175450577,-0.9866402772082848,0
Turkmenistan,TKM,2018,1.971,40765428571.4286,-0.5136853880461915,0.9322428955823072,-0.11362812175394851,-0.5683529442624686,-0.6737470654086385,-0.2348056069605695,0
Timor-Leste,TLS,2018,0.718,1555988614.43594,-0.22461770155010852,0.6656908986632233,-0.11362812175394851,-0.6194574539365159,-1.4886327290424535,-1.715490834352456,0
Trinidad and Tobago,TTO,2018,3.939,23883058083.2171,-0.13999677602910887,-0.7047973950679649,-0.11362812175394851,-0.6699962310311457,-0.3582550993785385,-0.4772237678331732,0
United States,USA,2018,2.548,20533057312000.0,3.2167367216688465,-0.3897201474130329,1.3194296382514181,-0.5947537979686185,0.848426647381721,2.5862417058838014,0
Uzbekistan,UZB,2018,2.329,58695899092.1083,-0.8541719938009461,0.5134735309531115,-1.8043995381678375,-0.31264181836575955,-0.5116699704462372,-0.06952451813294266,0
Viet Nam,VNM,2018,0.881,310106478394.659,-0.6927814501324245,0.023205917962005645,-0.11362812175394851,-1.1105133328709038,-1.2737388531413543,0.6851837810174072,0
Vanuatu,VUT,2018,0.137,914727908.137793,-1.232697796090355,1.042707975567263,-0.11362812175394851,-0.31999634189818715,-1.7164978718368191,-1.9563559538220936,1
South Africa,ZAF,2018,0.742,405260723892.517,0.34708647192628966,0.4780794384810541,-1.3102296759626106,3.7444150861635883,0.07432127272258406,0.8065208950079825,0
Zambia,ZMB,2018,0.224,26311507273.6735,-0.7801937255321371,1.5261889136057154,-0.11362812175394851,-0.3805297278958593,-0.853767944990069,-0.43331766648965764,1
Zimbabwe,ZWE,2018,0.201,34141666666.6667,-0.8131024584908522,0.3237086792097842,-0.11362812175394851,-0.049387591410150644,-1.206531647559541,-0.3152009544633421,1
Afghanistan,AFG,2019,0.214,18799444490.1128,2.644312923271546,1.509061963982646,-0.05365171091503274,0.7801649475423733,-1.6766207694040625,-0.5857419009352004,1
Albania,ALB,2019,1.645,15585111614.0376,-0.09556362924503337,-2.075985297110797,0.24716547271187153,0.8327780774282006,-0.22853968723434975,-0.6707598613865502,0
Andorra,AND,2019,4.392,3155150255.91195,0.08855391576480476,0.5161928025498463,-1.5860161711473681,-0.40862777934026173,1.2266439580567632,-1.3949696718561617,0
United Arab Emirates,ARE,2019,2.71,433926208304.969,-0.905125280212165,-0.01907610080812324,-0.052975284028405734,-0.8898776268980797,1.065929264776378,0.8375081374120444,0
Argentina,ARG,2019,5.25,447754683615.225,1.0404546661206517,-0.29116238229772184,1.5943134505406074,0.5267167519633345,1.3785773427568635,0.8517318131467446,0
Armenia,ARM,2019,3.026,13619290539.2116,1.4695454625329636,-1.027622861693707,-0.0644213130113404,2.1222712034471503,0.14885666694451644,-0.7318915287072735,0
Australia,AUS,2019,3.808,1398349602956.35,1.0864380821699324,0.3158492022035396,2.1751614363223846,-0.35959762245741195,1.169984351623572,1.3680670454208812,0
Austria,AUT,2019,5.318,442983642371.842,1.2127431592993665,-0.5019700279628334,1.2406468410267344,-0.46953832039087906,0.30057462829825027,0.846874674028166,0
Azerbaijan,AZE,2019,3.148,48174235294.1176,-0.9803538869530766,-0.18367424264065857,-0.8887258883764652,-0.3865642087429793,-0.1659404411116479,-0.15909203839551053,0
Belgium,BEL,2019,3.424,536726344405.489,1.2920511120923774,-0.42612212082470585,0.9607664399951508,-0.3179219891069896,1.1605594371178305,0.933907676435266,0
Benin,BEN,2019,0.06,14391686313.4641,-1.3819199261450106,1.3118948442151612,-1.7871685678700253,-1.1005187239678615,-0.5972604661629812,-0.7068802956571674,1
Burkina Faso,BFA,2019,0.091,16032813503.3707,-0.5827684376488566,1.1491806560672153,-1.9261469307726857,-0.4821730146645364,-1.6319695891519512,-0.657918887996447,1
Bangladesh,BGD,2019,0.63,351231654603.692,-1.6797174295299837,-0.18386069934675345,-1.2959575616409837,-0.48009866187333905,-1.4165394902464274,0.7416460469271585,1
Bulgaria,BGR,2019,4.236,68507731353.9114,0.019034936745553614,-1.9719236613522135,1.177918740606398,-0.5472322612975488,0.5478107450740923,0.0005608751584568559,0
Bahrain,BHR,2019,0.687,40446808510.6383,-1.1156744301561716,-1.8792600158385635,-0.09192862327531208,-1.099952991388444,1.7515048820620425,-0.23836328979564306,1
Bosnia and Herzegovina,BIH,2019,2.584,20482608984.3316,0.6341744538560957,-1.8295017386170864,-0.3406203223707392,1.6297067043009823,-0.5627991758431392,-0.5468632012254213,0
Belarus,BLR,2019,4.546,64410170653.4569,-0.4087319995021895,-1.013858948409784,1.0400264473457315,-0.5440264433475162,0.7190352711421485,-0.027402713813901386,0
Brazil,BRA,2019,2.351,1873288158838.63,0.8687004534915956,-0.3378065320985145,-0.10311421465459418,0.9214095148702753,1.1414915879418919,1.5006429362130342,0
Bhutan,BTN,2019,0.336,2735683570.46155,-1.2549501585938359,-0.3279465564553961,-1.5658087595376913,-0.8165209691002776,-1.0386372504262953,-1.4596496243135444,1
Botswana,BWA,2019,0.395,16725908148.5481,-0.3200356250791237,0.2724074389313647,-1.344322546618403,2.459824975832924,0.2094204621430799,-0.6387302667410538,1
Canada,CAN,2019,2.418,1743725183672.52,1.3566928946371246,0.30335556406313224,0.7138764588915043,-0.25644571547695477,0.9151016705267787,1.4681469283783113,0
Switzerland,CHE,2019,4.349,721369112726.724,1.4852324852761611,-0.28925183408939564,0.4425857602507441,-0.5008421897853138,0.8712712976584891,1.0679616637125375,0
Chile,CHL,2019,2.627,278285058719.466,0.7649556954052767,0.41215773557021984,1.4696303272579225,0.08355956475296134,1.2077846279826636,0.6360940732096844,0
China,CHN,2019,2.255,14560167101283.4,-0.6116456999374555,-0.5731817976382984,0.055629202282493455,-0.46953832039087906,0.04376430999808443,2.4303863258970897,0
Colombia,COL,2019,2.317,323031701192.84,0.2627044502114047,0.5602600099521613,0.05806994593919239,0.6091251310318165,0.7192402392297242,0.7036983341631114,0
Cabo Verde,CPV,2019,0.743,2252177124.32402,-0.7616963606856093,-0.7478851690378452,-0.05365171091503274,0.9566735123206326,0.4520600789708792,-1.5478290356034967,1
Costa Rica,CRI,2019,2.376,64417670521.3545,0.05413062436896446,-0.19030057641883832,-0.00756468951361562,0.7085054874828238,0.7001906000613809,-0.027349923135518896,0
Cuba,CUB,2019,8.677,103427600000.0,1.3692102478330297,-1.0254500160270263,-0.4159285172094827,-1.0079271584698644,0.7015294993849048,0.18732857554349397,0
Cyprus,CYP,2019,2.928,26196667099.5303,-0.021708058235226504,0.13264333867056657,1.3268523458353987,0.019820360805256575,0.22959667831701652,-0.43530093252241564,0
Czechia,CZE,2019,4.112,256794209028.77,0.14476726556141767,-0.5422623009136401,0.46534946030725444,-0.9494681252633896,0.5052849586395877,0.5996537257676394,0
Germany,DEU,2019,4.373,3959894794039.21,1.4859689921745016,-0.6755033361760255,0.6976154997099305,-0.7329811248729604,0.8953650138972044,1.8400243432970782,0
Denmark,DNK,2019,4.251,345401473012.615,1.0627738111401213,-0.5704974614645874,1.0560718271453833,-0.38316981326647437,1.2115527551055707,0.7340567515417316,0
Dominican Republic,DOM,2019,1.431,89146130744.723,-0.9169780280769418,-0.03586534638940685,-0.05365171091503274,-0.1308530828462704,0.53975585934431,0.11995535724847328,0
Algeria,DZA,2019,0.973,193459662090.677,-0.5598586889017768,0.6032231869067657,-0.05365171091503274,0.99042888955921,0.4913086046945865,0.4712475817548033,0
Ecuador,ECU,2019,2.32,107595830000.0,0.25410560479263555,0.4836102977784906,-0.3168950429856659,-0.6105943101923085,0.05992112071014211,0.20524250443096295,0
Eritrea,ERI,2019,0.077,67823134522.27755,-0.821684748680134,0.31367569535099205,-0.05365171091503274,-0.23343925724730988,-1.2144690544415886,-0.003992754426959846,1
Spain,ESP,2019,4.376,1403496387686.27,0.7328629950309566,-0.2865721845334645,1.4279327753261675,1.3302455922626535,0.8188661472116169,1.3697327791905634,0
Estonia,EST,2019,3.469,31873748770.0313,-0.14110591854314164,-0.559868304786657,0.6976535274343453,-0.4782128866086139,0.35832971018898147,-0.34636589247734906,0
Ethiopia,ETH,2019,0.089,91834517112.628,-1.299959790871164,1.2769364644283219,-0.05365171091503274,-0.7772968435939978,-1.8549991240040369,0.13342651278036255,1
Finland,FIN,2019,3.566,267014821129.411,0.7354350868240722,-0.766824063750394,1.5702407340749234,-0.06692530137209307,0.5032460595630709,0.6173496156397875,0
France,FRA,2019,3.243,2722793515171.76,1.3983355016051142,-0.5907460607791549,0.49935932747130757,0.2574280441606054,0.7755477205850139,1.6701985358705946,0
Gabon,GAB,2019,0.603,16874405465.391,-1.4614620755314758,1.1039616384588664,-0.05365171091503274,2.512060950665806,1.289110101531721,-0.6347226012870849,1
United Kingdom,GBR,2019,2.932,2875710080015.3,0.9929495474264557,-0.446602853588359,0.40967839287292335,-0.6398238267955458,0.9578557615379865,1.6949729826731534,0
Georgia,GEO,2019,7.452,17638337116.9126,0.08532987672001431,-0.9899290563204126,0.5756505740730559,0.851447252548978,-0.1430611668389537,-0.6146474266423809,0
Ghana,GHA,2019,0.104,68352629246.1555,-1.2960002183646357,0.7357700178403911,-1.5092383202855917,-0.7510845674143203,-0.27613462550346646,-0.0004667945688964689,1
Greece,GRC,2019,6.163,207305649887.019,0.3590429248254513,-0.9374888110733716,3.539011169813963,1.884852097618274,0.7526373769540259,0.5025891022693844,0
Croatia,HRV,2019,3.59,61466721186.3116,-0.09367172457593068,-1.6398163409043085,0.7512488895592174,-0.09408046518413297,-0.24963608212371569,-0.048610879428972936,0
Hungary,HUN,2019,3.494,164936682033.992,-0.277542578286836,-0.9531700685105715,-0.11360226104820581,-0.6862138983077806,0.39852897741189575,0.3989266322430573,0
Indonesia,IDN,2019,0.462,1119099871350.2,-1.4239341952920905,-0.11323412745989545,-0.7132399802517333,-0.6524585210692032,-0.27551284974371354,1.2670636001460311,1
India,IND,2019,0.889,2835606256558.19,-1.3986217973895523,-0.03055958266223424,-1.0531098604259694,-0.10181214376950552,-1.2795579304245104,1.6886054664505428,0
Ireland,IRL,2019,3.317,407211793800.713,-0.15098658936410914,0.4038721026982386,0.7963004867843593,-0.39599308506660424,0.06958350056028835,0.8086984961904975,0
Iraq,IRQ,2019,0.881,233636097800.338,-0.9717276151282203,0.9473526653099308,-0.05365171091503274,1.3287369720508737,0.3715922512385563,0.5568025945292021,0
Iceland,ISL,2019,3.892,24985687022.0452,0.5370076119225259,0.8871108392997972,0.614048510532064,-0.6681104557664207,1.4756788335750246,-0.4567600154455199,0
Israel,ISR,2019,3.521,400645216358.857,0.04928718163846217,0.6575189972762367,0.029289651436666873,-0.6258690898365808,1.367522884692003,0.801327477791005,0
Italy,ITA,2019,4.024,2019606796583.53,0.5286363090113462,-1.408369797864688,0.41786986893367134,0.534448430548707,0.3549527651640277,1.5347421965293795,0
Jordan,JOR,2019,2.519,44503006338.0282,0.0034837560591133012,0.716475429186181,-1.0008279902759294,1.8388391811589837,1.3629692083540925,-0.19503211904508627,0
Kazakhstan,KAZ,2019,3.62,181667184854.501,-1.4263818846103378,0.2953321996897778,0.08501786803863634,-0.4242797140374792,-0.12232293967735822,0.44273192499483344,0
Cambodia,KHM,2019,0.211,36685356407.7206,-0.6821545346434695,0.14567807025268575,-1.6854752855855748,-1.3070111154552482,-1.0153571775967112,-0.2826198851817045,1
Kuwait,KWT,2019,2.087,140856394860.529,-0.6399518408449879,1.292356268626836,-0.19020120737655125,-0.9121297750218347,1.7515048820620425,0.3273703955444175,0
Lebanon,LBN,2019,2.611,51605959131.2741,0.5524518371131997,-3.4024919753066256,-0.20183137001621174,0.8016627855602384,1.2705850893938115,-0.12789217670990258,0
Liberia,LBR,2019,0.145,3319596500.0,0.44963542100835485,0.7155384562263591,-0.05365171091503274,-0.7503302573084303,-0.40754039064710473,-1.3719336257919832,1
Sri Lanka,LKA,2019,1.098,88998706296.5783,-1.1439633623383156,-0.36957362829164403,-1.4256767123684595,-0.4487947924789041,-1.935327226272023,0.11920492804347727,0
Lithuania,LTU,2019,4.568,55122066225.796,-0.03998729499948607,-1.0822209492879207,0.5971222182841261,-0.1498994130199928,0.2514871909611595,-0.09800711400405113,0
Latvia,LVA,2019,3.267,33099503950.847,-0.06788249590138938,-1.4045912347058265,1.5812228366641303,-0.13915049401106028,0.28906694773874114,-0.3292565225231338,0
Monaco,MCO,2019,8.609,7383496254.23721,-1.0831261580483718,-0.9475239457038417,-0.05365171091503274,-0.40862777934026173,1.7515048820620425,-1.0094822958477467,0
Maldives,MDV,2019,2.235,5726094799.37709,0.14981731510531193,1.557796476266237,-1.2186582896733436,-0.46916116533793395,-0.9940046367534714,-1.1247431917880704,0
Mexico,MEX,2019,2.46,1304106203902.45,-0.5993321932154866,-0.1017213657179044,-0.4851132020534761,-0.6737677815605957,0.7602933078150484,1.3364310250860185,0
North Macedonia,MKD,2019,3.409,12606338448.547,0.0014738613436687906,-1.391976968337647,-0.47893415316875626,1.9544372048866263,-0.05154792984889454,-0.7669338169380843,0
Malta,MLT,2019,4.026,16337793530.7322,0.6230713610910384,2.354208492385064,0.1326587414936181,-0.5600555330976786,1.5194653355295678,-0.6493751727819618,0
Myanmar,MMR,2019,0.757,75065106243.3578,-1.1054104125132622,-0.2978737184402668,-0.05365171091503274,-1.2527007878311682,-1.4506390827157807,0.04200598936145977,1
Montenegro,MNE,2019,2.792,5483476883.4658,0.4314506416307585,-0.8142707495022714,0.042001102821362914,1.5233489793704929,0.1563659745776156,-1.1443729539005312,0
Mongolia,MNG,2019,3.647,14206359017.5143,-0.8737890489937806,0.6006400806585707,0.5088370532826649,0.37227175778235744,0.27814028425042847,-0.7127568462071884,0
Mozambique,MOZ,2019,0.086,15512759046.672,0.2858579699476107,1.4737085378985237,-0.05365171091503274,-0.48801891798518393,-1.2977038912035102,-0.6728696426674553,1
Mauritania,MRT,2019,0.201,7894764885.82312,-1.3513903947726873,1.4845815124290598,-1.9667031968559663,0.6347716746320766,-0.2607932209722131,-0.9791258608979884,1
Mauritius,MUS,2019,2.558,14645235204.6176,-0.46531944506939843,-0.8285543211376095,-0.4873569174472692,-0.13556752100808275,-1.0305649114503659,-0.6989619302198264,0
Malaysia,MYS,2019,2.021,365177721021.516,-1.096750056792829,0.4100582528994533,-0.574267357561762,-0.701488677952053,0.5991728367071005,0.7593006799149749,0
Namibia,NAM,2019,0.368,12541928303.48,0.6112389022318071,1.3625197798390039,-1.1688686152638676,2.428709683964961,-0.6298017705105554,-0.7692563426271245,1
Niger,NER,2019,0.039,12889555561.2299,-0.4750744949179324,1.8116686211764461,-2.0359473618046926,-1.2293171745485785,-2.058128842255978,-0.7568603151483855,1
Nigeria,NGA,2019,0.356,668219992691.462,-1.387569340345935,0.8835235677060088,-0.05365171091503274,-0.3477172382896444,-0.12791596207942788,1.0332612263282808,1
Netherlands,NLD,2019,3.713,928903005576.469,0.9781853493894446,-0.33536987908875865,-0.05365171091503274,-0.6922483791549006,1.4716816646953912,1.1826058709678269,0
Norway,NOR,2019,4.578,408742840909.091,1.1490173874045904,-0.31954128560247247,1.2183148316977794,-0.6347322335807882,0.9497795003143962,0.8104000136408588,0
Nepal,NPL,2019,0.815,34186180699.0255,-0.890716189124757,0.08327367913396352,-1.650931707361755,0.646274903746899,0.19386002084365545,-0.31461019237414645,0
New Zealand,NZL,2019,3.37,213006341101.869,0.529868145380757,0.2641936821662886,0.8921772024662041,-0.5545867848299761,1.009835428468091,0.514888836504416,0
Oman,OMN,2019,2.091,88060858257.4772,-1.1081251638229757,-0.9684434378969969,-0.4002521703222231,-0.9438107994692145,0.8162569437161216,0.11440172990496188,0
Pakistan,PAK,2019,1.049,320909472770.669,-1.4345737688604994,0.48560290770513337,-1.7587393881443274,-0.41862238824330417,-1.1286503689550655,0.7007097818542433,0
Panama,PAN,2019,1.637,69778991192.5571,0.3652793689482782,0.40571167035879946,-0.05365171091503274,-0.14971083549352024,0.18312506840948914,0.008897292255032805,0
Peru,PER,2019,1.354,228346006003.648,-0.6592678352413917,0.5038135760053636,-0.05365171091503274,-0.6922483791549006,0.9777018799642818,0.5464184578280766,0
Philippines,PHL,2019,0.732,376823402239.136,-0.9856048592574757,0.10891508754717848,-1.003059886579263,-0.9076039143864947,-0.3681317571226359,0.7735341029352536,1
Palau,PLW,2019,2.191,282041290.283203,1.739880774122813,-0.9252296158332516,-0.05365171091503274,-0.40862777934026173,0.802627091954901,-2.489816497377782,0
Papua New Guinea,PNG,2019,0.06,24750626029.8777,-1.6122534602687049,0.9335187767653882,-0.05365171091503274,-0.8295328184268801,-2.190265243400306,-0.46104573322107467,1
Poland,POL,2019,3.279,602683770144.88,-0.22911204132459664,-0.8734197469946098,0.6258973410161324,-0.7133690621198205,-0.082051175565499,0.9864588948067463,0
Portugal,PRT,2019,5.422,240115970063.019,0.8326882719035371,-0.8352845657213844,0.43392152352006985,-0.11840696609908546,-0.029279920888383066,0.5692064234869307,0
Romania,ROU,2019,3.165,250080428511.595,-0.4639019375807934,-1.2712272053518707,-0.11029537013309186,-0.5917365575450585,-0.405803744803101,0.5876420020063986,0
Russian Federation,RUS,2019,4.165,1693115002708.32,-0.48117720382755746,-0.8240296657637123,1.026463953801421,-0.47840146413508644,0.5893044735750702,1.4547925614400905,0
Rwanda,RWA,2019,0.117,10349300276.7623,-0.7309270337575566,0.9519847647498035,-1.9497144943765072,0.789405246339526,-1.776118444873903,-0.856381324447577,1
Saudi Arabia,SAU,2019,2.633,888890133333.333,-0.5428035010141102,-1.2022478884656052,0.9074142508471817,-0.26662890190646976,1.0022561026496024,1.1626422745626603,0
Senegal,SEN,2019,0.088,23403995992.1354,-0.8736765762227264,1.297815649148209,-1.6987430117036737,-0.7895543828147101,-0.5408496474934741,-0.48641085344528634,1
Singapore,SGP,2019,2.519,376161998830.048,-0.9035750143505846,0.05200439379142603,1.4306732524569952,-0.7448615090407279,1.7515048820620425,0.7727375890658557,0
Sierra Leone,SLE,2019,0.033,6523577594.29408,-0.4618467644488462,0.9841360442783833,-0.05365171091503274,-0.7252494462875879,-0.8725273583903067,-1.0656244890888305,1
South Sudan,SSD,2019,0.033,67823134522.27755,0.6819126289295446,1.461556839788095,-0.05365171091503274,1.0571853339304749,-1.9164776749135481,-0.003992754426959846,1
Sao Tome and Principe,STP,2019,0.492,412976082.620705,-0.5382568985856793,0.3442231412377277,-0.05365171091503274,0.3366306052790554,0.28204506286458003,-2.316917929624825,1
Slovenia,SVN,2019,3.27,53909922735.545,0.5117125793121023,-0.3027206239099803,0.847821664708748,-0.49103615840874393,-0.28860491275789296,-0.10808875782167238,0
Sweden,SWE,2019,4.288,530894124494.418,1.31796255130762,-0.05137822348828856,0.7937051706484956,-0.04090160271888819,1.188617743470346,0.9289539196805626,0
Seychelles,SYC,2019,1.869,1868690096.73454,-0.9562527164737022,-0.15098848757709563,-0.5547786176409539,-0.40862777934026173,-0.8128511015524824,-1.6324608837585617,0
Syrian Arab Republic,SYR,2019,1.517,22583045060.0821,-1.0525454225493205,2.222670029392304,-0.05365171091503274,1.1916411103053668,0.5527863326046224,-0.5026006440739343,0
Chad,TCD,2019,0.052,14905517742.8454,-1.2516810827898808,1.6955563362411317,-0.05365171091503274,-1.1263538450945938,-1.7164918251868304,-0.6909746104573324,1
Togo,TGO,2019,0.074,6992654019.28876,-0.39125499702866934,1.0807773634127027,-1.6769355631742566,-0.9455079972074669,-0.9300524523877195,-1.0341415124582112,1
Thailand,THA,2019,0.548,543976691793.886,-1.1140376577747209,-0.6920605939818958,-0.4076016986610106,-1.194430332151166,-0.26688432751511526,0.9399914398613911,1
Tajikistan,TJK,2019,1.933,8300813599.3084,-0.03898624479179737,1.017703461435225,-0.05365171091503274,-0.00450614010969591,-1.6314498900617884,-0.9563860916611335,0
Turkmenistan,TKM,2019,1.957,40810067974.509,-0.5139395434936164,0.8923317880839847,-1.7608474858607344,-0.568541521788941,-0.6734236819565609,-0.23430938948648067,0
Timor-Leste,TLS,2019,0.764,2032550389.41316,-0.7045580759356301,0.6815150641334295,-0.05365171091503274,-0.7358097877700479,-1.4947575908086292,-1.5943507961292072,1
Tonga,TON,2019,1.012,506031238.979937,-0.44823422700291454,-0.7776066479246219,-0.05365171091503274,-0.9211814962925147,-1.8055326928625226,-2.2247827024208724,0
Trinidad and Tobago,TTO,2019,4.205,23477745791.6977,-0.052811553015060166,-0.5753979721246577,-0.05365171091503274,-0.6650932153428607,-0.3581274390872252,-0.4849843565794178,0
Tunisia,TUN,2019,1.299,41905642418.825,-0.3531595624066756,-0.12009051735699562,-0.9477843561368666,1.9052184704773034,0.3236116152960799,-0.22229801671989374,0
United States,USA,2019,3.482,21380976119000.0,3.2275379435748457,-0.44619729688301346,1.3030622014414845,-0.6375608964778758,0.8415582639974222,2.604588805800085,0
Uzbekistan,UZB,2019,2.322,67293639798.3996,-0.757987536598398,0.578938850816091,-1.681859341836865,-0.3986331704372193,-0.5111885020155087,-0.0075463495833177725,0
Viet Nam,VNM,2019,0.99,334365270496.667,-0.7107231086131706,-0.08729228221946224,-0.9963110028744825,-1.0124530191052044,-1.24246511938266,0.7193332445294343,0
Vanuatu,VUT,2019,0.164,936526267.622513,-1.2137517586571753,0.9912820082827347,-0.05365171091503274,-0.30283578698918967,-1.7517840355237382,-1.945677922529609,1
Samoa,WSM,2019,0.558,912950466.064906,-0.4814750209698556,-0.02004556160314036,-1.6600260009170447,0.15239036191542343,-1.9847823553519168,-1.9572378331795852,1
South Africa,ZAF,2019,0.779,389330032224.269,0.4030972754335194,0.4521112842240367,-1.3145080999000422,4.038973182513632,0.07595028481380918,0.7883380146436539,1
Zambia,ZMB,2019,0.237,23308667781.2258,-0.10514080227443995,1.491033913372055,-0.05365171091503274,-0.2851094995007747,-0.8364426869557279,-0.4882614032142618,1
Zimbabwe,ZWE,2019,0.123,33357695635.1284,-1.3034280059363943,0.3839807837138173,-0.05365171091503274,0.060930261576261406,-1.1710300529102118,-0.3257334972662237,1
Afghanistan,AFG,2020,0.253,19955929052.1496,2.883347547693491,1.6430560937133607,-1.768679374176362,0.8787909938874907,-1.6711946428222348,-0.558674271152164,1
Albania,ALB,2020,1.879,15241458744.5927,0.13714107050764793,-2.076000185550766,0.2542148981631374,0.865401989507943,-0.21127675058018244,-0.6808692784713897,0
Andorra,AND,2020,4.587,2891002460.29153,0.5862434702629107,0.07850725509670478,-1.5929817200967407,-0.26908040975061226,1.229006976351518,-1.434611874390483,0
United Arab Emirates,ARE,2020,2.83,357161878829.135,-0.42117826800075875,-1.2300798372752169,-0.009382611522044046,-0.5196999424325639,1.0735176437782714,0.7492374146629969,0
Argentina,ARG,2020,5.304,385740508436.965,1.2287943800731622,-0.47030302157653553,1.7608675983973747,0.8318351897958383,1.3825670172024158,0.7841383745990086,0
Armenia,ARM,2020,3.163,12641698583.2152,1.7625164017612478,-0.8808106150759635,-0.11471416483963151,2.0979447025321982,0.15661974284255564,-0.7656638280135376,0
Australia,AUS,2020,3.895,1333336461648.09,1.2392700316828258,0.12259235348787703,2.190300425522801,-0.12368713684031536,1.1685821783093193,1.3464813651642964,0
Austria,AUT,2020,5.344,434397601557.696,1.4808212381861863,-0.5253266695193305,1.33569941986506,-0.34866012592200707,0.3108060876264609,0.8380004206547635,0
Azerbaijan,AZE,2020,3.125,42693000000.0,-0.4132115709500441,-0.31217410395116346,-0.7506272223638796,0.035849450555419,-0.1584917059214164,-0.21385817081310105,0
Burundi,BDI,2020,0.069,3227847281.31544,1.24080860949793,1.4490915685540389,0.073966360938555,-1.1352169888388013,-1.91534337374205,-1.384641484664623,1
Belgium,BEL,2020,3.506,529694473501.791,1.4977034232449862,-0.5127997962780768,0.9685469124104239,-0.28378945681546724,1.1697340626520525,0.9279282169614074,0
Burkina Faso,BFA,2020,0.096,17725010532.5268,-0.057014573166388804,1.074219001626582,-1.8967413545505536,-0.463880994596704,-1.621019194871441,-0.6124249010611087,1
Bangladesh,BGD,2020,0.661,373979442362.193,-1.6608535964353275,-0.19185854747714928,-1.296641907289262,-0.2849209219743023,-1.4030730042432047,0.7700992116943751,1
Bulgaria,BGR,2020,4.277,70486877546.4901,0.4691549385343683,-1.648237690840064,1.2091328094714724,-0.37958684026349687,0.529847570211602,0.013473740755046393,0
Bahrain,BHR,2020,0.741,35837632978.7234,-0.8527283566871817,-1.472983616880794,-0.03198802774352761,-0.9966125068815144,1.7515048820620425,-0.2932200258233733,1
Belarus,BLR,2020,4.605,61371673344.7424,-0.2233250015676856,-1.1893994632824245,0.9845190970724269,-0.565901436418326,0.7343294015819178,-0.04931253111276043,0
Barbados,BRB,2020,2.616,5407050000.0,-0.11399477657723613,-0.7159404219886343,-0.08925490514543574,0.6668298541324015,-0.11232973054125596,-1.1507367718349866,0
Bhutan,BTN,2020,0.486,2457604333.90927,-1.013495843068644,-0.3193867755340659,-1.529002383046347,-0.3809068829488043,-1.0105092084480791,-1.5082517317798132,1
Botswana,BWA,2020,0.433,14960251607.8135,-0.32023719793190447,0.285695900505457,-1.308226177263728,2.6338820327670405,0.21499142825617154,-0.6893127434972014,1
Canada,CAN,2020,2.415,1655684730000.19,2.0268986447918858,0.004562211343941005,0.7986518170403797,0.4916413320394496,0.9249305064949501,1.4446565927757817,0
Switzerland,CHE,2020,4.388,741999406005.627,1.6771011928163018,-0.27550360264456036,0.512697932087054,-0.42107389608744666,0.942822814124874,1.080746460403119,0
Chile,CHL,2020,2.798,254042159309.311,0.8969009356842895,-0.14420511846678868,1.3518602900759773,0.732454833344831,1.215477479441279,0.5947684169025076,0
China,CHN,2020,2.385,14996414166715.1,-0.5302140862806423,-0.6655887911851285,0.255298108079945,-0.3865642087429793,0.0810198001263217,2.4437714751231194,0
Cameroon,CMR,2020,0.098,40773241177.0505,-0.9569942505254045,1.3032622111243217,-1.5813628857498265,-0.597582460865706,-0.3434014528419001,-0.23471872179381523,1
Colombia,COL,2020,2.394,270348342541.465,0.5565952938360688,0.2832501763645221,0.02085890493389825,1.6845827645044797,0.727424025847663,0.6229750269987064,0
Comoros,COM,2020,0.441,1218763671.26563,-0.3947489366877451,0.699495011864381,0.073966360938555,-0.48688745282634893,-1.359708010699054,-1.8262452037450665,1
Cabo Verde,CPV,2020,0.725,1821565613.68613,-0.009604238606806623,-0.7655643486668368,0.073966360938555,1.4332089217166384,0.5096909781358907,-1.6440413782541718,1
Costa Rica,CRI,2020,2.494,62395610760.0492,0.25978049852644297,-0.3053405215897048,0.073966360938555,1.7692540738906315,0.7220613193148534,-0.04181029345093762,0
Cuba,CUB,2020,9.291,107352000000.0,1.8461969739099713,-1.0415486306849253,-0.33791134376287124,-0.9083582244923848,0.7031419644123375,0.20421385446118018,0
Cyprus,CYP,2020,3.197,25555093854.2968,0.5397309641913093,0.09873351667183393,1.5043928391435974,0.13296687668875604,0.22732100770590832,-0.44654327265817745,0
Czechia,CZE,2020,4.153,251109660602.536,0.6493255725207564,-0.6614856584982316,0.4774775663994259,-0.8485791486006025,0.5024386158555543,0.5895041955336514,0
Germany,DEU,2020,4.443,3941398957073.94,1.839862178654072,-0.7893901579919642,0.6850286271504197,-0.597582460865706,0.9029033424291358,1.837901636886277,0
Denmark,DNK,2020,4.377,355631021931.621,1.2355719222054882,-0.6231462684814904,1.0947402426611528,-0.26512028169468976,1.2129174545381394,0.7472898797349529,0
Dominican Republic,DOM,2020,1.948,78546672406.8291,-0.7138448993748547,-0.027925299948996944,0.14021670036188869,-0.17422591393494513,0.5271176420257063,0.0625619545491583,0
Ecuador,ECU,2020,2.313,95865473000.0,0.5254763772337011,0.08127790716774211,0.06765307178847572,-0.17611168919967024,0.06059321547175081,0.15290359655114158,0
Eritrea,ERI,2020,0.088,57412038533.2718,-0.9363485553448188,0.38439829002877346,0.073966360938555,-0.12727010984329287,-1.2199231344152028,-0.07955188731983834,1
Spain,ESP,2020,4.546,1289783836971.21,1.2704304963292623,-0.4502343537597663,1.4253243776531073,1.5995343000653826,0.8216409949701894,1.3314239857230135,0
Estonia,EST,2020,3.479,31820771493.8974,0.13940658082542093,-0.6976435484275031,0.6712692837917481,-0.01770656696277074,0.3721985163643853,-0.3471201176306272,0
Ethiopia,ETH,2020,0.102,98676811061.4035,-1.2189223952128923,1.2924034011962227,0.073966360938555,-0.5755188902684235,-1.8377186699787278,0.1660087664006241,1
Finland,FIN,2020,3.61,270000311606.226,0.8977267060383316,-0.7403376213886065,1.6453457940160037,0.13372118679464612,0.5189002000195279,0.62239096736425,0
France,FRA,2020,3.252,2647926055110.05,1.7247127768843393,-0.597081796734405,0.5447294449161508,0.18086556841277093,0.7765934618505097,1.6575569338397311,0
Gabon,GAB,2020,0.586,15342236163.9864,-1.232821385098972,1.0377899105182418,0.073966360938555,2.6832893447028354,1.3094843309638091,-0.677881226065115,1
United Kingdom,GBR,2020,3.028,2724001478304.59,1.7159951313566013,-0.719903650459045,0.5646358938710286,-0.4861331427204588,0.9683915879337613,1.6703996423276912,0
Georgia,GEO,2020,5.121,16010869215.68,0.7378062524530595,-0.7997132203462161,0.6617828646994272,0.8833168545228305,-0.12617861208983774,-0.658539889270242,0
Ghana,GHA,2020,0.166,70008243859.8666,-0.8948265319850269,0.7231122826132028,-1.4592642760841084,-0.7301524619758729,-0.2535785111436804,0.010384462301823797,1
Guinea-Bissau,GNB,2020,0.191,1705057581.09946,0.6558025371713275,0.9583899158258979,0.073966360938555,-0.7850285221793702,-0.7991625270362257,-1.674010101505103,1
Greece,GRC,2020,6.186,191362985554.861,0.7891419122496182,-1.0239987776405663,3.5282697066648674,1.6687422522807898,0.7580355559250781,0.4663068819521484,0
Guatemala,GTM,2020,1.281,77719468248.3666,-0.20525837220678236,0.31100824442917613,0.073966360938555,-0.7703194751145153,-0.33000509088998936,0.057761689288055244,0
Guyana,GUY,2020,1.387,5471256594.72422,-0.5742272087853427,-0.8721189314739916,0.073966360938555,1.5572929341355426,-1.617529423159296,-1.1453845174915873,0
Honduras,HND,2020,0.489,23352232483.755,0.7341321623537013,0.5352453921114028,0.073966360938555,0.741506554615511,-0.22371926838931366,-0.48741477034918984,1
Croatia,HRV,2020,3.606,57959843541.3699,0.21147347228945784,-1.5626606976669586,0.7786796561777107,0.0639475019998214,-0.2393210421096849,-0.07524619846898035,0
Hungary,HUN,2020,3.14,158468487754.196,0.05728438877904591,-1.0536589124490385,-0.024242432554779276,-0.5283745086502987,0.3909820121697379,0.38078788148237036,0
Indonesia,IDN,2020,0.62,1059054842698.48,-1.2394427995726194,-0.1811764345493355,-0.6796663066619102,-0.5270544659649913,-0.2507681248559902,1.2420594707359967,1
India,IND,2020,0.723,2674851578587.27,-1.2664035728124723,-0.083276143437205,-1.0227141502545825,0.152578939441896,-1.2651452223205184,1.662144083338563,1
Ireland,IRL,2020,3.458,436009027818.948,-0.030284827745596227,0.14663311656233108,0.7763779140743318,-0.26908040975061226,0.07863444807924572,0.8396792327939644,0
Iraq,IRQ,2020,0.923,180898797516.874,-0.4542304705386984,0.903307349107787,0.073966360938555,1.6436614412599475,0.3715912030489387,0.44081012957813165,0
Iceland,ISL,2020,4.318,22034665040.7901,0.8804761092618236,0.4311366391241547,0.7728008742049727,-0.29642415108912473,1.4829890615398942,-0.5137464011288965,0
Israel,ISR,2020,3.567,410768352657.612,0.2334232287509921,0.5424630079267337,0.048536547539292006,-0.5432721332416263,1.3658488137569664,0.8126412833352016,0
Italy,ITA,2020,3.97,1907481094079.23,0.8516183225125182,-1.23977578952653,0.5388345391882591,0.4039527822297375,0.3555823777272848,1.5088442118847851,0
Japan,JPN,2020,2.592,5054068005376.28,1.493352226301772,-1.0870307183420038,0.2761676157793938,-0.7997375692442251,1.375106372539322,1.9506435350951248,0
Kazakhstan,KAZ,2020,3.663,171082365861.423,-1.0996677594232391,0.2615491576148479,0.2823999123000601,-0.4073077366549543,-0.08092912765671202,0.41551364227141546,0
Kenya,KEN,2020,0.074,100657505750.545,-0.8746368918525976,0.6994811856761872,0.073966360938555,-0.2709661850153372,-1.3989762345571202,0.1750195615554008,1
Kuwait,KWT,2020,2.273,111045470605.715,-0.3230920117927347,-1.6071620395084183,-0.058940043753123034,-0.6715048512429257,1.7515048820620425,0.21955090360821938,0
Lebanon,LBN,2020,2.68,31712128253.7961,0.14295456663766856,-2.124069779200541,-0.14523524333557292,1.1695775397080845,1.281155995328872,-0.34867078201672597,0
Liberia,LBR,2020,0.151,3176126300.0,1.9886805129108893,0.7888452023231598,0.073966360938555,-0.5559068275152835,-0.38314909792071655,-1.391965344519275,1
Sri Lanka,LKA,2020,1.167,84335574581.5072,-0.948894635131364,-0.4339096199496342,-1.3975580130538463,-0.3179219891069896,-1.9276537599426034,0.09480371687148892,0
Lithuania,LTU,2020,4.481,57412038533.2718,0.12048139739945114,-0.8743612555076312,0.5556765619988959,0.27100562606662554,0.2597179252301204,-0.07955188731983834,0
Latvia,LVA,2020,3.338,33379927434.6149,0.15100614327575027,-1.4093204057542708,1.5671191142331613,0.19764896826882344,0.29157650975563887,-0.32543142054699487,0
Monaco,MCO,2020,8.609,6730736282.78961,-0.9447385203290409,-0.9767634770428375,0.073966360938555,-0.26908040975061226,1.7515048820620425,-1.0514504173389132,0
Mexico,MEX,2020,2.425,1121064767308.42,-0.3436724662992225,-0.20441442964529458,-0.4005260050850061,-0.4921676235675788,0.7750385662828121,1.2678589772607451,0
North Macedonia,MKD,2020,3.343,12361036913.8409,0.22801320507448355,-1.7085496798241266,-0.45568430668332816,1.796220660176199,-0.02724643541934005,-0.7758433451433954,0
Malta,MLT,2020,4.164,16404663226.4598,0.9502322085879598,0.9446717865193038,0.30565157529449216,-0.4137193725550192,1.5309558056733412,-0.6475232108895047,0
Montenegro,MNE,2020,2.831,4723571497.76347,1.48383218310932,-0.874673481423082,0.1150181364702713,2.041937177169866,0.16004765389291806,-1.2120088150217092,0
Mongolia,MNG,2020,3.778,13312981429.0891,-0.8154955332506386,0.575514691119106,0.4404486729841847,-0.12010416383733785,0.2901272870269675,-0.7422053358582518,0
Mozambique,MOZ,2020,0.084,14235420174.1884,0.16667190698042464,1.4936300832122897,0.073966360938555,-0.3829812357400018,-1.2754160044661529,-0.7118302945347967,1
Mauritania,MRT,2020,0.203,8260752385.23089,-1.3821208523091395,1.4588093979269543,-1.9633655257788005,0.7545184039421136,-0.21847539926177262,-0.9585795879917434,1
Mauritius,MUS,2020,2.689,11566111137.5568,-0.3288413972519862,-0.8522637060556132,-0.5053018142259226,0.2972179022463028,-1.0346977978738812,-0.8059809588150681,0
Malawi,MWI,2020,0.049,11769313597.8545,-0.008037740860064696,1.232987775897601,-2.105709938505816,-0.25078838968277994,-2.081805396632693,-0.7980844052232952,1
Malaysia,MYS,2020,2.183,337456163961.211,-1.0141669425152866,0.20193802075072279,-0.6166835456569433,-0.47330987092032895,0.6089465853625563,0.7235052666499727,0
Namibia,NAM,2020,0.38,10583748541.5258,0.8503585696150944,1.4503156261544774,-1.1652640268450365,2.631241947396426,-0.6048245312803701,-0.8462247781114784,1
Niger,NER,2020,0.035,13744653103.058,-0.3036333578797337,1.7587942206539626,0.073966360938555,-1.2180025229602285,-2.0491988081907655,-0.7277371548718833,1
Netherlands,NLD,2020,3.805,932560861701.17,1.3231031610881443,-0.4141816956617138,1.2013161346625576,-0.6090856899805285,1.4883251084914442,1.1843877816259254,0
Norway,NOR,2020,4.682,367633418886.627,1.4846449686359577,-0.38787972909000895,1.2743451850723813,-0.4951848639911388,0.9593691622852378,0.7623394500774726,0
Nepal,NPL,2020,0.857,33433659301.2466,-0.631070923450781,0.6708601469836208,-1.6352625632973807,1.129033371516497,0.19925002345021592,-0.32470216356966075,0
New Zealand,NZL,2020,3.442,213029554653.687,0.7454589038799391,0.7560271732918116,0.81842684217968,-0.46293810696434157,1.0102444718390433,0.5149382458112624,0
Oman,OMN,2020,2.003,75909492847.8544,-0.6613179744127279,-2.0486442382542545,-0.27252783700911615,-0.7750339132763276,0.8363905656292654,0.04707771014565439,0
Panama,PAN,2020,1.63,57059846521.5327,1.0735334850020517,0.2334343399766982,-0.4096237236500924,1.4356604295607809,0.18465074556508226,-0.0823418307329607,0
Peru,PER,2020,1.436,201409694755.934,-0.24329684036579732,0.0901879116782467,0.073966360938555,0.02434622144059656,0.9970939380619559,0.4895070249232205,0
Philippines,PHL,2020,0.752,361751145451.597,-0.6467126643738511,0.052978966087991235,-0.9401813888789095,-0.8538593193418326,-0.35018032606833427,0.7550261833388103,0
Palau,PLW,2020,1.798,261688507.080078,2.128354356497129,-0.88077606263669,0.073966360938555,-0.26908040975061226,0.7934361339525428,-2.5237756611903004,0
Poland,POL,2020,3.303,605914237903.742,-0.21606884516412747,-1.79765830781684,0.6285504592931089,-0.7344897450847404,-0.08611806613261888,0.9888827012125396,0
Portugal,PRT,2020,5.576,229618773422.577,1.177153598956164,-0.7708446503707009,0.5162567186486884,-0.0376957847688558,-0.029768591584317435,0.5489386371639711,0
Paraguay,PRY,2020,1.296,35432178068.1756,0.20868292906974775,0.21647279034382855,0.073966360938555,0.09393132870894874,0.19977358177391158,-0.29837890076837104,0
Romania,ROU,2020,3.307,250625048303.578,-0.29019772381632736,-1.290187716121574,-0.06854062450381594,-0.3799639953164418,-0.4186832703705742,0.5886283373763547,0
Russian Federation,RUS,2020,3.807,1493075894362.14,0.33306137434947514,-0.9674697198090646,0.08027965008863429,-0.26964614233002976,0.5925530514759872,1.397785576064891,0
Rwanda,RWA,2020,0.116,10174386856.6101,-0.43007801084198355,0.9215687251109822,-1.8997588824735316,0.9012317195377181,-1.7059646120009748,-0.8641097605225493,1
Saudi Arabia,SAU,2020,3.076,767951200000.0,-0.14156002671809342,2.972963788467701,0.7393250463982112,0.11505201167386866,1.009902721881565,1.0963333970796794,0
Senegal,SEN,2020,0.082,24530513037.7518,-0.6504391770975028,1.2308485378267706,-1.6706147731086145,-0.6822537702518582,-0.48992608064205156,-0.4650959772069994,1
Singapore,SGP,2020,2.638,349165858544.568,-0.46359341263587023,-1.1010543628830727,1.512248516326661,-0.5562839825682288,1.7515048820620425,0.7389714553884128,0
Sierra Leone,SLE,2020,0.073,6688307703.1447,-0.4755930371079798,0.973848105217088,0.073966360938555,-0.6677333007134757,-0.8491199890718529,-1.0543175759707775,1
Serbia,SRB,2020,2.875,55874017668.998,0.4234873550117765,-1.3815239042917071,0.5157072940863447,0.36982024993821494,-0.02432137066677309,-0.09186380808367044,0
South Sudan,SSD,2020,0.043,57412038533.2718,0.7790746036801024,1.208547277281398,0.073966360938555,1.3570236010217487,-1.903415406799501,-0.07955188731983834,1
Slovenia,SVN,2020,3.303,53384760135.1581,0.8262752477425109,-0.32374332233970715,0.8216905335998558,-0.3920329570106818,-0.291716114239318,-0.11252721889752629,0
Sweden,SWE,2020,4.322,544265668451.678,1.4847890883074586,-0.28181632330130457,0.9533957543381685,0.23404443087801574,1.1993140033840866,0.9402322365470005,0
Eswatini,SWZ,2020,0.138,4134677809.50096,0.012309813833896928,0.003977526243825316,0.073966360938555,4.8894578269046045,-1.698531731398447,-1.2723819019528513,1
Syrian Arab Republic,SYR,2020,1.5,12047752036.091,-1.154550189938105,1.8079779305547523,0.073966360938555,1.5329664332205906,0.5339011317771013,-0.7874827401482399,0
Chad,TCD,2020,0.058,14932897821.2387,-0.9224026567061089,1.6655134107959044,-2.026179896087789,-1.0098129337345891,-1.6953758171793534,-0.690142516422227,1
Togo,TGO,2020,0.079,7486031561.86885,-0.29711143475336094,1.0562003092471675,-1.6072404123171153,-0.9087353795453297,-0.9102492314142784,-1.0032291795983523,1
Thailand,THA,2020,0.509,500461898480.246,-0.9206681832838618,-0.7222049514376342,-0.503218506225591,-1.1222051395121988,-0.20692526095059605,0.902189085423507,1
Tajikistan,TJK,2020,1.995,8133963550.65742,0.6222309823807135,0.94776851467369,-0.8191255598674365,0.09921149945017864,-1.6285889761038643,-0.9655925119462757,0
Turkmenistan,TKM,2020,1.96,41509903181.7231,-0.5071230502827025,0.8267122288849629,-1.706705288750772,-0.48292732477042644,-0.6731837129370483,-0.22660009921049215,0
Timor-Leste,TLS,2020,0.752,2162619240.86927,0.06883461228886402,0.6595865491140367,0.073966360938555,-0.7999261467706976,-1.5017630451985469,-1.566226843768093,0
Tonga,TON,2020,0.946,506571467.895978,-0.5115690279569061,-0.8278545394308708,-1.3530252313480409,-0.8180295893120575,-1.8262414562474754,-2.2242989177085626,0
Trinidad and Tobago,TTO,2020,4.298,20888515184.2239,0.14110145307680333,-0.6951720051937683,0.073966360938555,-0.5362947647621437,-0.3579658024186031,-0.5379659540363144,0
Tunisia,TUN,2020,1.315,42491780918.361,-0.0020710373811724104,-0.19683811218085412,-0.9048346272955774,1.9991300786606083,0.33660297993632415,-0.21600017994146986,0
Tuvalu,TUV,2020,1.346,51746594.3148543,3.684404003969515,-2.227931930402378,0.073966360938555,-0.26908040975061226,0.007647025128396925,-3.2586478083239228,0
Uganda,UGA,2020,0.158,37600368241.6657,-0.6206699269405367,1.7854343481883652,0.073966360938555,-0.609274267507001,-1.5210857841328138,-0.27144979525199714,1
United States,USA,2020,3.518,21060473613000.0,3.8984308582838114,-0.5306708847909815,1.290260244072679,0.18954013463050579,0.8354661195500479,2.5977408202880348,0
Uzbekistan,UZB,2020,2.31,66443265418.3086,-0.3322731799207458,0.6253104352041794,-1.5646098569466116,-0.33131099348653703,-0.503172821316301,-0.013312395669588941,0
Viet Nam,VNM,2020,0.856,346615738537.796,-0.929193833758115,-0.11970393302649199,0.073966360938555,-0.9328733029338094,-1.1991074695785389,0.7356478995234073,0
Samoa,WSM,2020,0.562,868884902.953089,-0.3305439004294605,-0.04144042183610872,-1.5104497034093005,0.07865654906467621,-2.0014097090402356,-1.9796680600941547,1
Zambia,ZMB,2020,0.253,18137764930.651,-0.2571325364509832,1.445537749750584,0.073966360938555,-0.1919522014233601,-0.8192846050853823,-0.6019877889763423,1
Zimbabwe,ZWE,2020,0.128,31980334561.3123,-1.3981442348382855,0.45985371684978843,0.073966360938555,0.29552070450805057,-1.1332023192258724,-0.3448522461894854,1
Andorra,AND,2021,4.758,3324648075.56293,0.539306392669624,0.14650623730063905,-1.5869530327894035,-0.2794521737065998,1.2323021787980963,-1.371244188637146,0
United Arab Emirates,ARE,2021,2.786,422441388699.796,-0.598107984368543,0.5990400694322643,0.049526006879013894,-0.7439186214083654,1.0809212837527806,0.8253461836314734,0
Argentina,ARG,2021,5.384,486564085480.036,1.3433734671208308,-0.6435453126633311,2.0738789604210126,0.31796143015827794,1.3864768575895758,0.889419995678313,0
Armenia,ARM,2021,3.255,13878908628.9378,1.7904679190338537,-0.8326903643440584,0.056363806321647746,1.5876539158976153,0.16500364816739602,-0.7233298887774992,0
Australia,AUS,2021,3.976,1560617493202.69,1.1755815839341346,-0.742512086580734,2.291944578000295,-0.3824155031605843,1.1669332308759959,1.417845537833543,0
Austria,AUT,2021,5.432,480466363176.806,1.7436782115734495,-0.5090980780973159,1.544359977503578,-0.11142959761960301,0.32145752426346175,0.8837019633387317,0
Azerbaijan,AZE,2021,3.123,54825411764.7059,-0.8090224623464762,-0.5047223647977171,-0.6459904050824647,-0.19044358121158012,-0.15517021538916742,-0.10045381006897999,0
Burundi,BDI,2021,0.076,3435598072.7935,0.639776635960064,1.3030793348491885,0.12384847830119092,-1.1186221665092213,-1.8613091122092917,-1.3563602749761863,1
Belgium,BEL,2021,3.537,598522422241.851,1.4383853212308524,-0.5281572647267765,1.0956921526587058,-0.15121945570530024,1.1758733467285973,0.983317434630349,0
Benin,BEN,2021,0.205,17687623530.3355,-1.4112493497353569,1.198593949431375,-1.8096066365223702,-0.9837892350813844,-0.5293159617092266,-0.6133822625003339,1
Burkina Faso,BFA,2021,0.101,19697516284.3787,0.008409808159452465,1.027708753262992,-1.8304548029526722,-0.47877861918803144,-1.6002463842092378,-0.5645837957676975,1
Bangladesh,BGD,2021,0.677,416271647911.014,-1.6321821274938688,-0.20875060836578083,-1.24845779309601,-0.3003842791450472,-1.3901437130054841,0.8186754328396189,1
Bulgaria,BGR,2021,4.296,84374613233.36,0.5167648990735271,-1.3803718032067074,1.1999072835284377,-0.3552603393485444,0.530890610802473,0.0950135465272402,0
Belarus,BLR,2021,4.686,69673747131.87,-0.16906181968408227,-1.50990001668111,0.9327834628969116,-0.5939994878627285,0.7499938773632623,0.008212933244050036,0
Brazil,BRA,2021,2.191,1670647464062.96,0.8761794451900826,-0.5172624973441352,0.06462212285586713,1.1518512522196693,1.162387390985264,1.4487356671605005,0
Barbados,BRB,2021,2.871,5947550000.0,0.12953013049881262,-0.7279672300343535,-0.021452753981435924,0.7477296129891037,-0.11138732866836513,-1.1075385801792015,0
Brunei Darussalam,BRN,2021,1.886,14006496617.4458,-1.6727874901114133,-0.0937001111204876,-1.1078901278471511,-0.4044790737578667,0.5959195236809154,-0.7191808335212457,0
Bhutan,BTN,2021,0.561,2768802960.11204,-0.7747999303371653,-0.2970319431939126,-1.6138096149513088,-0.42371398145806166,-0.9821780903703123,-1.4541935018470273,1
Botswana,BWA,2021,0.422,18750182236.2211,-0.2583556118909738,0.3267847038664024,-1.35601617849267,3.027820485568092,0.2181724282088771,-0.5869315592956781,1
Central African Republic,CAF,2021,0.022,2516498412.46384,0.7109369346030757,0.4810248948209657,0.12384847830119092,-0.0657938362132582,-0.8655235863846369,-1.4975145443906508,1
Canada,CAN,2021,2.444,2022378748423.23,1.8103386463594369,-0.41547901034160284,0.9791587770747251,0.08997120065302627,0.9353234300381439,1.5353640733224931,0
Switzerland,CHE,2021,4.435,815309330986.719,1.666532060660202,-0.2479281216984894,0.6652709426534492,-0.38411270089883687,1.027956117084738,1.1234656027308518,0
Chile,CHL,2021,2.979,315325547162.072,0.90614377748794,-0.5044845333156852,1.6353834428847067,0.42073618208579,1.2232949714575683,0.6927510007030455,0
China,CHN,2021,2.517,18201698719564.0,-0.6147993043771864,-0.7834046552519893,0.4628927343227387,-0.471424095655604,0.13586768345130143,2.5315971554986847,0
Cameroon,CMR,2021,0.126,45011937346.8384,-0.9261647134802405,1.2482095209901345,-1.5173146669852204,-0.5796675958508185,-0.3297051422047665,-0.18987649301876533,1
Colombia,COL,2021,2.467,318524633225.395,0.7077137056209126,0.014111156331021375,0.12384847830119092,1.2913986218093187,0.7363864917154139,0.697327741859051,0
Cabo Verde,CPV,2021,0.732,2051842618.70539,-0.15468615899635002,-0.551571641941482,0.12384847830119092,1.297810257709384,0.5681698968491794,-1.5900675653145384,1
Costa Rica,CRI,2021,2.564,64960725734.1965,0.18689092379577038,-0.45137875703289837,0.12384847830119092,1.5254233321616901,0.743390409766565,-0.02354366593303465,0
Cuba,CUB,2021,9.542,78427132366.71631,2.2890243018081455,-1.2389136178177873,-0.13244242299749728,-0.931553260248502,0.702717797014007,0.06187139735506738,0
Cyprus,CYP,2021,3.355,30372642502.4897,0.6168183617387245,0.05651407465044984,1.6479438481480253,0.08733111528241123,0.22520487014688245,-0.3682382113298431,0
Czechia,CZE,2021,4.246,290972714482.313,0.7120369860361135,-2.288778152669203,0.5832481833086228,-0.8008690344030601,0.5004038618821411,0.6563083265241842,0
Germany,DEU,2021,4.503,4355251953410.78,1.9270717477940504,-0.8205615586424764,0.8156638998345969,-0.6517042109633133,0.9103489445569969,1.883172339867227,0
Denmark,DNK,2021,4.498,406110162088.054,1.2231087751331058,-0.5108854005952348,1.1472939493588545,-0.3743066695222668,1.2139339624502317,0.807470243974201,0
Dominican Republic,DOM,2021,2.029,94850719516.7127,-0.6718111546884806,-0.02991371030551205,0.05020586674591581,0.1229722677857136,0.5115449227117015,0.1480786729711011,0
Eritrea,ERI,2021,0.085,78427132366.71631,-0.9815443386523937,0.5507269732151712,0.12384847830119092,-0.10577227182542798,-1.225831953984315,0.06187139735506738,1
Spain,ESP,2021,4.457,1461244901852.69,1.1170655596440144,-0.7130941931111412,1.5702909306711528,1.4829933887053781,0.8257194510451578,1.3880149432451119,0
Estonia,EST,2021,3.43,37201101170.5847,0.14080785642886465,-0.770145595097037,0.7153650161359977,-0.16441988255837522,0.38576101027836185,-0.2762900792815093,0
Ethiopia,ETH,2021,0.1,109070960371.859,-1.3118968499180195,1.2620940235318747,0.12384847830119092,-0.587399274436191,-1.8157043295957975,0.21141638356722123,1
Finland,FIN,2021,3.609,294223210496.119,0.9691775142418759,-0.6899394755716554,1.8206137505131854,0.10694317803555117,0.5320014392484661,0.6613452594637629,0
France,FRA,2021,3.264,2966433692008.09,1.7653686186565976,-0.5714702951277412,0.587349701553108,0.15484186975956607,0.7777176262461709,1.7090560210967327,0
United Kingdom,GBR,2021,3.16,3194559188925.93,1.7090491268304688,-0.5698584404153042,0.8576103051949198,-0.41221075234323923,0.9724510290044005,1.7426479601168121,0
Georgia,GEO,2021,5.287,18853115588.8106,1.1831488656517208,-1.1546865538402213,0.8780589784884978,0.892934308372928,-0.10647251293196376,-0.584449314400136,0
Ghana,GHA,2021,0.128,79514204730.3979,-1.0898072959208296,0.6971607230546062,-1.4358766239036358,-0.7260037563934779,-0.23168365594062745,0.06811280948125123,1
Guinea-Bissau,GNB,2021,0.22,1908094558.33981,0.4546351581751349,0.9188685355380587,0.12384847830119092,-0.7607020212644178,-0.7794894055119214,-1.62299955155242,1
Greece,GRC,2021,6.366,218303801895.326,0.6703697095978676,-1.8175826046146217,3.803891002561987,1.4343403868754734,0.7617819345003892,0.526026992016775,0
Croatia,HRV,2021,3.734,69002365163.3368,0.34732147858237095,-1.569895795964477,0.9090210506076095,0.08167378948823621,-0.22833620931855794,0.0038227285871156413,0
Hungary,HUN,2021,3.299,183282685440.486,0.09293172905147883,-1.178067049221742,0.052435910400788675,-0.5711816071595561,0.387052465862768,0.4467460426785382,0
Indonesia,IDN,2021,0.688,1186509691086.73,-1.1422092534064239,-0.2961505625461252,-0.5814038863979845,-0.607765647295221,-0.22339847391632792,1.293583663220215,1
Ireland,IRL,2021,4.028,530394123829.763,-0.21139094451762472,0.2511634907572398,0.9397571870322424,-0.1306645053197978,0.08807239584858992,0.928526700624345,0
Iraq,IRQ,2021,0.983,209691945713.103,-0.6536357863325812,0.9206380330943686,0.12384847830119092,1.720412494534254,0.37158910666970413,0.5077784028764981,1
Iceland,ISL,2021,4.377,26234872402.457,0.9048626021780176,0.44398840600714096,1.2486128887371535,-0.1925179340027776,1.4863830269069485,-0.4346401714148852,0
Israel,ISR,2021,3.636,489851549972.347,0.26459765166143556,0.4777117087454895,0.15089805501014797,-0.4220167837198091,1.3638569778325278,0.8924730978936165,0
Italy,ITA,2021,4.064,2179207773596.09,0.7554119561791707,-1.2623469319328415,0.640572087756916,0.46146892780384974,0.3538650937381497,1.5692272973411632,0
Kazakhstan,KAZ,2021,3.711,197112255360.612,-1.0466799905133075,0.20164028798077505,0.16647559930405037,-0.2794521737065998,-0.03315761297307135,0.479728176684305,0
Kenya,KEN,2021,0.098,109703658904.994,-0.8482797820474974,0.6507297765732197,0.12384847830119092,-0.25587998289753744,-1.3952400080735663,0.21403887730255497,1
Liberia,LBR,2021,0.169,3513049500.0,2.1134973246023327,0.8174731360399712,0.12384847830119092,-0.6045598293451885,-0.3586668066931079,-1.346252385518674,1
Sri Lanka,LKA,2021,1.144,88556698937.7033,-0.6357744636005174,-0.002500163496104169,-1.3727980053903885,-0.3901471817459568,-1.920123154605603,0.1169475210979581,0
Lithuania,LTU,2021,4.485,67037321008.9679,0.22800785117317135,-0.9101383157528113,0.6162227837032039,0.01171152716693908,0.29478633175361796,-0.009276636831215077,0
Latvia,LVA,2021,3.356,38183326784.9335,0.7992718713349993,-1.5218265799898538,1.5261714690268655,0.08733111528241123,0.29431314104153045,-0.26447415911483585,0
Morocco,MAR,2021,0.74,142022058447.231,-0.547665605817655,-0.056765688241214404,-0.5055360587047025,0.660229640705864,0.025785332298856028,0.331107103677567,1
Mexico,MEX,2021,2.541,1316569466685.95,-0.4034761600147795,-0.32560356177235994,-0.3811799326771065,-0.571558762212501,0.7866909331352396,1.3407435846567324,0
Malta,MLT,2021,4.294,19739875611.4902,0.839200943978564,-0.4465310188380596,0.710280557270841,-0.6215318067277134,1.5460880349774793,-0.5636098060070015,0
Montenegro,MNE,2021,2.878,5823715809.63286,1.1879752698380597,-1.048549738997766,0.10971159569452836,1.790186179329079,0.16359842223445467,-1.1170785451958545,0
Mongolia,MNG,2021,3.884,15286441737.6686,0.05044728321826069,0.4801295994155767,0.48711664777122465,0.15484186975956607,0.3416867026734299,-0.6795330981114078,0
Mozambique,MOZ,2021,0.082,16168055475.4449,0.5398838481958546,1.4879894308143322,0.12384847830119092,-0.3086816903098371,-1.2504330716193313,-0.6541103366549688,1
Mauritania,MRT,2021,0.219,9222536364.01272,-1.1170646678054157,1.4319724700261773,0.12384847830119092,0.7696046060599135,-0.17644075739905588,-0.9086444286520154,1
Malaysia,MYS,2021,2.268,373784553029.978,-0.9148355383624974,0.058520975872489556,-0.678671858669767,-0.45445211827307913,0.6299062372646793,0.7698628718827942,0
Namibia,NAM,2021,0.42,12402486183.6396,1.0667763918456221,1.4843222542549055,-1.1405939417322524,2.617664365490406,-0.581477384670596,-0.774325532326702,1
Nigeria,NGA,2021,0.386,609147716972.859,-1.0163065085163,0.8057535775387218,0.12384847830119092,-0.31037888804808966,-0.054242127047498395,0.9912958606363937,1
Netherlands,NLD,2021,3.875,1054472123449.6,1.3862209707704451,-0.4395601849834254,1.3629205776665798,-0.5357290321827263,1.5055559172837039,1.24009326256315,0
Norway,NOR,2021,4.768,503367986030.268,0.9366956264260002,-0.430626897820405,1.543731151052654,-0.5074424032118513,0.9666186466095268,0.9048142899491411,0
Nepal,NPL,2021,0.884,36924841394.2605,-0.5198109795232182,0.5237319673740856,-1.5936769645803242,0.9789256604443876,0.20104278818961335,-0.27966965978168945,1
New Zealand,NZL,2021,3.531,253977931814.967,0.8469964148923919,-0.6638565291873086,0.9650891274848319,-0.6173831011453185,1.0109790664757499,0.5946537723425691,0
Oman,OMN,2021,2.006,87323797139.1417,-0.9249432615691288,-1.241494817461382,-0.45324427601259915,-0.971154540807727,0.8412612705438131,0.11059082753799455,0
Pakistan,PAK,2021,1.16,348516647445.148,-1.385973792664227,0.6399365957336446,-1.707804600580004,-0.13424747832277534,-1.0909063025348211,0.7381276513764025,0
Panama,PAN,2021,1.737,67396392506.2378,0.7057414686067525,0.1018541061335917,-0.0994967032946728,0.5897016458051492,0.18570086439436254,-0.0068545643927335085,0
Peru,PER,2021,1.673,226328766459.634,-0.13244069563969718,-0.09264059892220045,0.12384847830119092,-0.3682721886751468,1.016386375805717,0.5423952467145216,0
Philippines,PHL,2021,0.792,394087359848.11,-0.3700438543090306,-0.13694530527667345,-0.8610352757760259,-0.6886654061519231,-0.33448882889960707,0.7938446782702003,1
Palau,PLW,2021,2.809,231343460.083008,2.5495016651740783,-0.8941422085790902,0.12384847830119092,-0.2794521737065998,0.7938662270302181,-2.579658104029564,0
Papua New Guinea,PNG,2021,0.063,26109413521.3117,-1.6072812345986236,0.7205651682872666,0.12384847830119092,-0.7580619358938028,-2.1668172933932497,-0.43681360473090297,1
Poland,POL,2021,3.415,689170230665.35,-0.23714073539527672,-1.9896784141064943,0.6777172647435246,-0.713180484593348,-0.0890564720314475,1.0472581337496694,0
Portugal,PRT,2021,5.711,256055879091.139,1.4152624783621155,-0.3577165384556241,0.689925989611456,-0.06371948342206069,-0.030186790021535074,0.5983482353097713,0
Paraguay,PRY,2021,3.252,39950899938.7474,0.3303419192307255,0.1046615418793673,0.12384847830119092,0.0492384549349664,0.2542407324415914,-0.24395670180524717,0
Romania,ROU,2021,3.486,285071280114.469,-0.20753297020192585,-1.4448142725673334,0.002217410203953766,-0.2753034681242048,-0.4360764486356114,0.6470180106488164,0
Russian Federation,RUS,2021,5.087,1829186719575.1,-0.010992692756821264,-1.12625007053188,-0.010198129377323794,-0.4338971678875767,0.5952303989603817,1.4898411757851024,0
Rwanda,RWA,2021,0.121,11078787090.1564,-0.2827523258914916,0.8807786206038973,0.12384847830119092,1.6453586389982002,-1.632602315616072,-0.825498624926351,1
Saudi Arabia,SAU,2021,3.2,982661066666.667,-0.3852475555683351,-2.805600960282508,0.6512286730251335,-0.08088003833105797,1.0174682250008888,1.2081142361306396,0
Senegal,SEN,2021,0.099,27520784129.7508,-0.8916299227499485,1.155983420333023,-1.6160381697420654,-0.6814994601459682,-0.43635681210279476,-0.41294399495637757,1
Singapore,SGP,2021,2.781,436591382250.464,-0.6522072442934009,-4.156289829143546,1.6703185615917355,-0.45445211827307913,1.7515048820620425,0.8402844139465968,0
El Salvador,SLV,2021,2.94,29043140000.0,1.0430335719699835,-0.5864358800944637,-0.9931124994292342,-0.5134768840589713,0.5463279061626252,-0.3885324701490481,0
Serbia,SRB,2021,3.029,66159884072.5308,0.7393350959021412,-1.6013215168938932,0.5570540782880986,0.5267167519633345,-0.017877974393013293,-0.015250296006101487,0
Suriname,SUR,2021,1.466,3107923197.96954,-0.696098809753301,-0.1358816248646693,-1.8643871174293618,0.3123041043641028,0.1937686297029085,-1.4018076069733805,0
Slovenia,SVN,2021,3.335,61540813361.8556,0.8390045616531203,-0.6411915280459445,1.0778218601798932,-0.43484005551993915,-0.2953689415664346,-0.04806467647652944,0
Sweden,SWE,2021,4.408,631693331300.776,1.4186051575455243,-0.37850900527663683,1.2254619143352015,0.3305961244319354,1.209927731436872,1.0077739585152439,0
Seychelles,SYC,2021,3.634,1487173794.80528,-0.6308263389954032,-0.21650630345259772,-1.1300502829412096,-0.2794521737065998,-0.7854765173717461,-1.7359998229613205,0
Syrian Arab Republic,SYR,2021,1.521,14353205678.4991,-1.2110701178064365,1.296077566438096,0.12384847830119092,1.4779017954906206,0.5155825830160372,-0.7080942299097768,0
Chad,TCD,2021,0.056,16871937697.5854,-1.0517123480171369,1.8731862811866111,0.12384847830119092,-1.0409282256025516,-1.6726136672414833,-0.6347889131050113,1
Togo,TGO,2021,0.057,8541668141.26198,-0.4920327952310546,1.0291006705361347,0.12384847830119092,-0.8874261190539372,-0.8904452687641448,-0.9434175327151895,1
Thailand,THA,2021,0.541,506194668789.937,-0.6494834053063168,-0.7592489212005085,-0.46817030596064535,-1.100330146441389,-0.14863141829089999,0.9073532641372968,1
Tajikistan,TJK,2021,1.949,8937805347.13963,0.4468393605133568,0.8938073461060809,-0.7092929528614303,0.12014360488862617,-1.6282863425275294,-0.9228631227547857,0
Turkmenistan,TKM,2021,1.917,40589905812.0364,-0.5344523203308762,0.7489462663978308,-1.6216110089069546,-0.4887732280910739,-0.6730259527144519,-0.2367620239925944,0
Tonga,TON,2021,1.014,519306352.78704,0.00011235028506491402,-1.0145484302459102,0.12384847830119092,-0.9313646827220297,-1.8545716943339818,-2.2130415967171437,0
Trinidad and Tobago,TTO,2021,4.157,24222963262.7213,0.04867256193649732,-0.8058310829423269,0.12384847830119092,-0.49103615840874393,-0.35776618055243886,-0.47081641074831543,0
Tunisia,TUN,2021,1.315,47073234359.1819,0.09517516686447684,-0.36251488434255935,-0.8746959824769514,1.806969579185132,0.3501327852510322,-0.16957458840501063,0
Uruguay,URY,2021,4.548,60739084240.8633,0.6321700798195633,-0.9070477327514453,0.7959594801266836,0.42959932582999727,1.5431195452610427,-0.0540102283598184,0
United States,USA,2021,3.575,23315080560000.0,3.5022841755067193,-0.7295083378073142,1.1820966185215063,-0.32075065200407704,0.8359252141029264,2.643852880106896,0
Uzbekistan,UZB,2021,2.805,77340060003.0347,-0.045875772976876374,0.6806621959752478,-1.3205031143063342,-0.3179219891069896,-0.4958477228763988,0.05554286694264527,0
Viet Nam,VNM,2021,1.107,366474752771.009,-0.8591723776563782,-0.1660663706523791,-0.5285227869483625,-0.8800715955215098,-1.1494920624280274,0.7609082117212175,0
Samoa,WSM,2021,0.561,859724936.05765,0.04571193279410247,-0.17146297884280454,-1.4382511975286516,-0.07277120469274065,-2.0235941773846355,-1.9844732919308874,1
South Africa,ZAF,2021,0.781,419986284375.368,0.5453600893866878,0.3657875544542723,-1.3105651647008172,5.083504101644805,0.07767529064321746,0.822703458991514,1
Zambia,ZMB,2021,0.295,22096416932.0089,-0.14387016876371728,1.3752050881079272,0.12384847830119092,-0.34941443602789696,-0.8022977221547363,-0.5124775247030218,1
Zimbabwe,ZWE,2021,0.136,41287673690.0771,-1.4945628852306634,0.512636023745516,0.12384847830119092,0.46957776144216706,-1.0938433744950655,-0.22903397531251,1
Angola,AGO,2022,0.244,131212208930.344,-1.5186293285294334,1.634676053724091,0.20770156252599428,1.3340171427921037,0.3341438324167282,0.2952128787215337,1
Andorra,AND,2022,5.157,3380611694.73392,0.15627642774546807,0.48948038944435146,-0.8201705590721107,-0.2915211354008398,1.2365220520314617,-1.3636756222064825,0
United Arab Emirates,ARE,2022,2.915,511403403675.97,-0.8498329716225095,3.175042104507075,0.20770156252599428,-0.7878571850764577,1.0881361812328654,0.9119949220321382,0
Argentina,ARG,2022,5.437,633993756301.08,1.0542025589050392,-0.6871521131849149,2.069267173749074,-0.04618177346011826,1.3903036060073601,1.0094221040767888,0
Armenia,ARM,2022,3.36,19513506553.1251,0.9870175779354162,-0.6698525041578705,0.07862710372414973,1.2071044674761118,0.17439911972120967,-0.5688392817639445,0
Australia,AUS,2022,4.086,1695627535475.8,0.9632426210374051,0.16684243530142825,2.0348494767727128,-0.6264348224159983,1.1714664067874032,1.455464897798347,0
Austria,AUT,2022,5.432,473221298968.216,1.4169244035284987,-0.09685676210968072,1.567153187074237,-0.3880728289547593,0.3317379904735959,0.87681293791838,0
Azerbaijan,AZE,2022,3.185,78807470588.2353,-1.2412047810879414,-0.8227938887334505,-0.5665522424773627,-0.26398881653585476,-0.1518598618876647,0.06406488932006903,0
Burundi,BDI,2022,0.078,4036192552.88879,0.5468139475847762,1.2885053956414534,0.20770156252599428,-1.1580348695419738,-1.8059252095389688,-1.2833123330568437,1
Belgium,BEL,2022,3.574,591085783326.267,1.2517007183885096,-0.21414508834909202,1.1309992215579994,-0.2790750186536547,1.1785590070270084,0.9776486264859411,0
Benin,BEN,2022,0.19,17425405090.862,-1.388803691993839,1.1630466307743608,-1.7933759093817057,-1.0116987089993144,-0.4942123672944934,-0.6201542534537431,1
Burkina Faso,BFA,2022,0.148,18622421394.6133,0.11985671658351311,0.9743227677283162,-1.8158779584727922,-0.6075770697687485,-1.57882726282764,-0.590031543341754,1
Bangladesh,BGD,2022,0.717,460131689083.083,-1.649655722939281,-0.043054798381510315,-1.2644148045069898,-0.4633152620172865,-1.377571810839349,0.8640948268389018,0
Bulgaria,BGR,2022,4.328,90506153293.6733,0.196145286868297,-1.3693047504840268,1.1531581286854133,-0.5472322612975488,0.5369883977726044,0.1268202699730376,0
Belarus,BLR,2022,4.669,73775179924.603,-0.16486123652788345,-1.490892610849031,0.8727724497375963,-0.6554757614927632,0.7656649368356099,0.034146964932351254,0
Barbados,BRB,2022,2.958,6884900000.0,-0.4042634626049102,-0.8061016567105512,-0.005977670262197837,0.03980957861134147,-0.10993033171955496,-1.0411826469175052,0
Bhutan,BTN,2022,0.553,2898227743.75576,-1.0703161033577668,-0.29727291073282225,-1.620196580873612,-0.20798129117352254,-0.9533725991179299,-1.4334801318153125,0
Botswana,BWA,2022,0.407,20321150599.1523,-0.45121952901918966,0.4037344208439241,-1.3757036071298903,3.1238064465425937,0.22141030476251453,-0.5504513963270463,1
Central African Republic,CAF,2022,0.029,2382618615.01694,0.9828728244316193,-1.0721740627649903,0.20770156252599428,-0.14386493217287283,-0.8462700594070324,-1.5223012457012435,1
Canada,CAN,2022,2.814,2190411080134.32,1.3679118672013442,0.5743146580534634,0.9445778856008572,-0.33395107885715203,0.9432077708488565,1.5715522652983716,0
Switzerland,CHE,2022,4.477,828508926958.393,1.5441928799715863,-0.19691333769776867,0.7553385431536862,-0.5521352769858336,1.0609283435755317,1.1307472482059167,0
Chile,CHL,2022,3.178,301226575540.242,1.0017194556081366,-0.4614947007587833,1.759573472613262,0.2261241747661708,1.2312398676748466,0.6720110980089256,0
China,CHN,2022,3.112,18316765021690.2,-0.40211204858707006,-0.8644501684832041,0.65275092246095,-0.39033575927242925,0.1586081571913861,2.534454420043472,0
Cameroon,CMR,2022,0.136,44347206072.5513,-0.8739893250656332,1.2276932270310332,-1.5460657253969974,-0.6418981795867433,-0.3163781042082936,-0.19662221570701893,1
Comoros,COM,2022,0.424,1222485532.31976,0.4795653460663091,0.6807943358046018,0.20770156252599428,-0.597959615918651,-1.3271563084907076,-1.8248627145836576,0
Cabo Verde,CPV,2022,0.718,2247003344.34242,-0.12245453288149087,-0.38159967975370307,0.20770156252599428,0.9785485053914428,0.6081473748185825,-1.5488718045547563,0
Costa Rica,CRI,2022,2.687,69243626028.5936,0.04134418062140127,-0.5140222063315489,0.20770156252599428,0.8061886461955782,0.7641669450238825,0.005405244672523554,0
Cyprus,CYP,2022,3.556,31218038929.0919,0.41177142264035954,-0.013350793407458114,1.718394618842526,-0.045993195933645696,0.2250970844962519,-0.35579059960541093,0
Czechia,CZE,2022,4.352,301831228325.556,0.47937318763884934,0.38987127456906606,0.6222323810479319,-0.9100554222306372,0.5011230622284317,0.6729203005048711,0
Germany,DEU,2022,4.534,4201021706478.62,1.8328084051659221,-0.871463492926903,0.8834575973687819,-0.7378841405612454,0.9174106218129172,1.8668250678914335,0
Djibouti,DJI,2022,0.211,3562814908.76149,-1.544110597260716,0.25728409460819296,0.20770156252599428,3.624856934380024,0.49719513119021946,-1.3398746193556939,1
Dominican Republic,DOM,2022,2.234,113478087134.8,-0.8227046243348403,-0.0942105033791453,-0.0017333444643424687,-0.2915211354008398,0.4884628085735575,0.2293761192358552,0
Algeria,DZA,2022,1.66,225581644702.568,-1.1666154635192503,0.4030232657098618,-0.0726690018309838,1.00551509167701,0.5690305497097904,0.5408960701297907,0
Eritrea,ERI,2022,0.088,59899117741.0022,-1.0846781291258185,0.5344134594310811,0.20770156252599428,-0.19176362389688753,-1.232251940689962,-0.060324125257141877,1
Spain,ESP,2022,4.294,1448850658406.62,0.8909832478015827,-0.2848641174196603,1.5672097723281657,1.1282790614106069,0.8335164738434725,1.384152796637241,0
Estonia,EST,2022,3.469,38226641740.29,-0.042816465953458185,0.2042488128594742,0.646580163992665,-0.2788864411271823,0.4000267693611538,-0.26396011397823016,0
Ethiopia,ETH,2022,0.105,123140304666.0,-1.432663770523643,1.2226604118366622,0.20770156252599428,-0.6909283364695931,-1.7868500278673494,0.26642569462755034,1
France,FRA,2022,3.281,2794788137066.94,1.6223978610217529,-0.45632296818941825,0.6499907945399804,0.047729834723186405,0.7787586528721128,1.682031384069783,0
Gabon,GAB,2022,0.521,20440655695.1804,-1.4197672093131675,0.9256784824790842,0.20770156252599428,2.502254919289236,1.3496136474436389,-0.5477928293467701,0
United Kingdom,GBR,2022,3.143,3181244350465.41,1.3732219162159012,-0.12453213542813805,0.9775378833492675,-0.6188917213570985,0.9764240766836249,1.7407542436112655,0
Georgia,GEO,2022,5.538,24984568959.605,0.4200521653149091,-0.7710221593510166,0.9615980419580482,0.8620075940314382,-0.07987385200190121,-0.45678030478187176,0
Ghana,GHA,2022,0.143,73919003209.9866,-1.1530184261792162,0.66647281680666,-1.3862293515393804,-0.7882343401294026,-0.20625061052096372,0.03503000276158961,1
Guinea,GIN,2022,0.21,19910452541.9219,-1.0991269847580662,1.1116525366630463,0.20770156252599428,-0.3537517191367644,-1.122727395288839,-0.559708683883608,1
Guinea-Bissau,GNB,2022,0.252,1859601384.05928,0.4340697987432312,0.9214935421750534,0.20770156252599428,-0.8267041555297926,-0.759829036961295,-1.6346714662884445,1
Equatorial Guinea,GNQ,2022,0.153,13687643435.6249,-1.4380134207090647,1.135829852296639,0.20770156252599428,0.24215326451633307,0.41842625007473055,-0.7296216730184351,1
Greece,GRC,2022,6.576,217990189600.69,0.4721412105836213,-1.8517003117915363,4.444289442135882,1.0138125028418,0.7691885031539958,0.5253751726190418,0
Croatia,HRV,2022,3.909,71196498671.1145,0.07969669440425119,-1.3319664862344047,1.018911743290806,-0.04505030830128322,-0.2178302664666633,0.018015505423451324,0
Haiti,HTI,2022,0.292,20253551920.5516,-1.311981569535036,0.03903018458386704,0.20770156252599428,1.4124653938046632,-0.36187101756945367,-0.551962160307117,1
Hungary,HUN,2022,3.456,177002580544.155,-0.1411818738271134,-1.066962118614749,0.11405238438103434,-0.6537785637545107,0.38488076387242637,0.43093801293189393,0
Indonesia,IDN,2022,0.681,1319101183380.15,-1.486809854110519,-0.26332973587906877,-0.5137474627166035,-0.6765964444576831,-0.19512853136479283,1.3416146233672896,0
Ireland,IRL,2022,3.362,548341794599.09,-0.3544631369693232,0.7145579376273942,0.8531227294921777,-0.48745318540576643,0.09790033510822022,0.9436152118399126,0
Iraq,IRQ,2022,1.022,287372232137.931,-0.929171597879365,0.9621484203089938,0.20770156252599428,1.5765278418357376,0.3715898054627841,0.6506629526523047,0
Iceland,ISL,2022,4.44,29166102877.2755,0.6872742871021434,1.1364126506854106,1.1872863381278471,-0.6149315933011759,1.4849123529430184,-0.3866169087795411,0
Israel,ISR,2022,3.686,525181008025.57,0.01968623390495187,0.702959323533917,0.09681320001661102,-0.6326578807895908,1.3621456540462669,0.9240482776305302,0
Italy,ITA,2022,4.191,2104067630319.46,0.6085742999252325,-1.014266161423275,0.7451118232822556,0.19218022000112098,0.35398998949875415,1.553317892475693,0
Jordan,JOR,2022,2.851,48764963380.2817,0.22941172374209584,0.4932407614985035,-0.9050825274340032,2.1026591406940103,1.4036760553291399,-0.15356608868701932,0
Japan,JPN,2022,2.649,4262463317796.53,1.7904922651597834,-1.2055343937617846,0.3755754338395016,-0.8365101869063625,1.3841126623992082,1.873408227033514,0
Kazakhstan,KAZ,2022,3.719,225496328925.494,-1.1287885510436262,0.30450862499577314,0.08118245697803167,-0.41296506244912917,-0.014202466335978924,0.5407245594797487,0
Kenya,KEN,2022,0.236,114448978152.637,-0.932522391303542,0.6685994748120639,0.20770156252599428,-0.2800179062860172,-1.3886980986459743,0.23323881558450052,1
Liberia,LBR,2022,0.178,4001047000.0,2.2212005149809784,0.8435199625233194,0.20770156252599428,-0.7720166728527676,-0.33409061084364106,-1.2872776654041285,1
Lesotho,LSO,2022,0.235,2354980960.02697,1.9854978585361927,0.0014829274491598306,0.20770156252599428,1.8052723814468794,-0.9197636562518314,-1.527591312113861,1
Lithuania,LTU,2022,4.466,71033884499.7824,0.061765097037478026,-0.20098182032332554,0.8655042523398484,-0.20647267096174254,0.2991568160988894,0.01697874226198547,0
Latvia,LVA,2022,3.398,38003198508.9107,0.35473230589332844,-1.0689570854267316,1.4402981744186885,-0.044295998195393135,0.29780017836128436,-0.2666181251093271,0
Madagascar,MDG,2022,0.172,15325603272.6097,-1.3317464781754298,1.1113154295723873,-1.967206145074567,-0.7286438417640929,-1.3837063536319978,-0.67837303676249,1
Mexico,MEX,2022,2.588,1466934724293.06,-0.46051511679145934,-0.2577342289423376,-0.3510539130629845,-0.715443414911018,0.7989314288862867,1.3897769797580375,0
North Macedonia,MKD,2022,2.944,13932436550.0883,0.12233873145467586,-1.0872577512038317,-0.08173898287192084,1.4003964321104236,0.009103140037221433,-0.7215845799879759,0
Mali,MLI,2022,0.191,22539987718.7642,-1.1369840839792338,1.5288869346947205,0.20770156252599428,-0.8793172854156199,-1.4358319718554775,-0.503465935534706,1
Malta,MLT,2022,4.513,18928276162.4131,0.6905419844381826,1.1025455070097647,0.9335900027975433,-0.6748992467194306,1.5500164774444332,-0.5826453578849318,0
Montenegro,MNE,2022,2.808,6251215144.13471,1.0648603078281897,-1.0395044883113553,0.08859373555069316,1.4711130045376108,0.1670190894502688,-1.0849607520676194,0
Mongolia,MNG,2022,4.13,17146471713.748,0.6090754768231649,0.3075798225879699,0.4980331419091757,-0.2066612484882151,0.3677209375865625,-0.6274707017838599,0
Mozambique,MOZ,2022,0.175,18883528581.3734,0.4038298851818261,1.4797277252487573,0.20770156252599428,-0.04919901388367825,-1.222784230089724,-0.5837184962397505,1
Mauritania,MRT,2022,0.261,9557966698.25369,-0.8143458195327635,1.4656501067384962,0.20770156252599428,0.6543837373852164,-0.13474045262851206,-0.8924466799178898,1
Mauritius,MUS,2022,1.436,12936444123.3037,-0.4152808657199731,-1.0927371454317214,-0.4389163959631461,-0.13726471874633533,-1.0420568340887728,-0.7552139596894006,0
Malawi,MWI,2022,0.054,12429059928.102,-0.14871620845970066,1.179309720045601,-2.093509674856462,-0.3827926582135294,-2.06264174146809,-0.7733551061191456,1
Malaysia,MYS,2022,2.29,407830525989.553,-1.0761691155680402,0.09435853769152684,-0.7267087981383524,-0.5883421620685535,0.651213922445325,0.809386888471844,0
Namibia,NAM,2022,0.553,12569449123.3661,0.8712520963088153,1.3440570538948762,-1.160390626916262,2.3694963406525966,-0.5598654883099498,-0.7682625303350082,0
Niger,NER,2022,0.028,15433852712.2963,-0.9232011606244144,1.7207327651792634,0.20770156252599428,-1.2534550979370584,-2.027717458736154,-0.6751817769915694,1
Nigeria,NGA,2022,0.386,646950257577.814,-0.9707168271508847,0.8030851134718302,0.20770156252599428,-0.607765647295221,-0.01747195386979423,1.0185945627335564,1
Netherlands,NLD,2022,3.876,1046540797548.64,1.0104955277537564,-0.09923928973020084,0.20770156252599428,-0.6645274827634432,1.521865716337952,1.2366700608322228,0
Norway,NOR,2022,4.908,596297651035.798,0.2881234802653834,-0.14269804767769215,1.6919735643626947,-0.7201578530728305,0.9709728695218045,0.9816289515833172,0
New Zealand,NZL,2022,3.611,249509991440.438,1.1932885625067493,-0.8992526302292034,0.8692927263569529,-0.7073345812727005,1.0121144546024379,0.5866066043298782,0
Oman,OMN,2022,1.992,109852795838.752,-1.3601123424817725,3.0893618789976283,0.20770156252599428,-0.707146003746228,0.8361188767190505,0.21465483718144354,0
Panama,PAN,2022,1.625,76479304470.9375,0.6751354101415447,0.1484821311523118,0.10392540707370622,0.19538603795115336,0.18624602681998612,0.050468443544345216,0
Peru,PER,2022,1.649,246065570308.155,-0.32836440650963217,-0.09456352318153138,0.20770156252599428,-0.5202656750119812,1.0355448855757379,0.5803039031909248,0
Palau,PLW,2022,2.472,243826812.744141,2.660344341758097,-0.9610158621374599,-0.14683976607680765,-0.2915211354008398,0.794983802756322,-2.555829682357101,0
Poland,POL,2022,3.424,695607470875.276,-0.20286042686036007,-1.196997459241303,0.8007333025639491,-0.7993604141912801,-0.08805365258255321,1.0514735080147584,0
Portugal,PRT,2022,5.851,256898677175.024,1.1868482753136111,-0.30196648027883655,0.7919756697421115,-0.17196298361727522,-0.028776240385854353,0.5998381396881177,0
Paraguay,PRY,2022,3.893,41952910858.0846,0.22912088743361306,0.04447042337325039,0.20770156252599428,-0.055610649783743187,0.31532323157882053,-0.22178687974208702,0
Romania,ROU,2022,3.625,295319437556.988,-0.43021076921495893,-1.1592602422986042,0.12078283526976549,-0.2707776074888648,-0.439221173860632,0.6630314208871285,0
Russian Federation,RUS,2022,5.111,2291612121334.64,-0.062403657745075405,-1.1334705636921996,-0.0516303573791043,-0.600222546236321,0.5999384829380712,1.5920307613779412,0
Rwanda,RWA,2022,0.09,13316161002.3912,-0.38589788269475545,0.8804071240790796,-1.9058931272078787,1.5150515682057026,-1.5558589921061718,-0.742097061648936,1
Saudi Arabia,SAU,2022,3.482,1239075200000.0,-0.595023357782593,2.644971617344817,0.5636626883478033,-0.2754920456506772,1.0249470951870001,1.3132383331186965,0
Senegal,SEN,2022,0.124,27783332222.6759,-1.0271220120306317,1.0998848814594646,-1.5775372533336045,-0.794457398502995,-0.3806011151614116,-0.40863904575726245,1
Singapore,SGP,2022,2.834,509017841146.557,-0.9295281649838713,1.7657992619709302,1.7071357571485728,-0.6522699435427307,1.7515048820620425,0.9098749727951828,0
Sierra Leone,SLE,2022,0.134,7121125277.52542,-0.7686869969395922,0.9085318102976616,0.20770156252599428,-0.7378841405612454,-0.8008660804076051,-1.025887064980174,1
El Salvador,SLV,2022,1.566,31870120000.0,0.9387714085041946,-0.5441048471300848,-0.9472739012910082,-0.7639078392144504,0.5675154265975872,-0.3464175144250082,0
San Marino,SMR,2022,4.663,1829211863.9476,0.05485008931951629,-2.011453375957146,-0.05626827139246118,-0.2915211354008398,1.6193459809733453,-1.6421421501057933,0
Serbia,SRB,2022,3.099,66809895701.2152,0.5179503202158571,-2.847168225925759,0.5819622377798105,0.26195390479594555,0.006736612361440137,-0.010817426018760632,0
South Sudan,SSD,2022,0.041,59899117741.0022,-0.1666645244299363,0.27034216577149006,0.20770156252599428,1.0230528016389524,-1.8766816770903647,-0.060324125257141877,1
Sao Tome and Principe,STP,2022,0.464,540809499.189348,-0.438294806219739,0.6806508155959451,0.20770156252599428,0.3609571061940077,0.30306994368808216,-2.1946456725098975,0
Slovenia,SVN,2022,3.367,59899117741.0022,0.8729010366477942,-0.704084961265582,1.083891389218296,-0.573067382424281,-0.2938506704844144,-0.060324125257141877,0
Eswatini,SWZ,2022,0.561,4746660273.50829,0.06218496134650235,-0.04941040881741767,0.20770156252599428,5.548347704399517,-1.6650363229546472,-1.2097979892636443,0
Seychelles,SYC,2022,6.598,2018346588.73752,-0.9064239841881767,0.15766228322687,-1.6460218286542296,-0.2915211354008398,-0.7713648424164277,-1.5975303669891565,0
Chad,TCD,2022,0.082,17828508289.6049,-0.9884041668102305,1.883044939560812,0.20770156252599428,-1.1255995349887038,-1.6482349717456466,-0.6097851502480359,1
Togo,TGO,2022,0.08,8646453099.4124,-0.27952958703125375,1.0088763938893035,0.20770156252599428,-0.9588970015870145,-0.8710898962853338,-0.9378892623564717,1
Tajikistan,TJK,2022,1.939,10713525200.3998,0.19297302035552372,0.8382967036217157,-0.7148209021363668,0.00020829805211663787,-1.6284438744167318,-0.8406990271351291,0
Turkmenistan,TKM,2022,1.916,42208726137.7192,-0.5756119325629236,0.6735498567312964,-1.5343246064656635,-0.571935917265446,-0.6729769824228641,-0.2190305764612017,0
Uganda,UGA,2022,0.191,45565333210.9108,-0.8888564214780267,1.5274367424749777,0.20770156252599428,-0.7854056772323152,-1.4576480262558291,-0.18433616547331558,1
Uruguay,URY,2022,4.674,70594110920.0358,0.6221650916143391,-0.9889817046588204,0.8448602744798599,0.15597333491840093,1.545318996473981,0.014162987806061202,0
United States,USA,2022,3.681,25604848907611.0,3.2220548849241726,-0.3981837037949356,0.9630572301138994,-0.6411438694808533,0.8370710925942556,2.6863281886109047,0
South Africa,ZAF,2022,0.794,407596043067.885,0.5728000453030617,0.26555317616195195,-1.25537923321321,4.944145309581629,0.0788786900796075,0.8091261292186386,0
Zambia,ZMB,2022,0.324,29163782140.4858,-0.6302767999971856,1.3342736458132936,0.20770156252599428,-0.19930672495578752,-0.7856518472355124,-0.38665298725060265,1
Zimbabwe,ZWE,2022,0.127,40757561708.7741,-1.2481145131879536,0.4969562487805083,0.20770156252599428,0.5727296684226242,-1.0555434142232616,-0.23489311235482058,1
