log_gdp,health_expenditure,population_growth,school_enrollment,unemployment,urban_population
-0.4849843565794178,-0.0528115530150601,-0.5753979721246577,-0.0536517109150327,-0.6650932153428607,-0.3581274390872252
-0.0152502960061014,0.7393350959021412,-1.6013215168938932,0.5570540782880986,0.5267167519633345,-0.0178779743930132
0.5423952467145216,-0.1324406956396971,-0.0926405989222004,0.1238484783011909,-0.3682721886751468,1.016386375805717
-1.4596496243135444,-1.254950158593836,-0.3279465564553961,-1.5658087595376913,-0.8165209691002776,-1.0386372504262953
0.6563083265241842,0.7120369860361135,-2.288778152669203,0.5832481833086228,-0.8008690344030601,0.5004038618821411
-1.6440413782541718,-0.0096042386068066,-0.7655643486668368,0.073966360938555,1.4332089217166384,0.5096909781358907
1.24009326256315,1.3862209707704451,-0.4395601849834254,1.3629205776665798,-0.5357290321827263,1.505555917283704
-0.6475452838509452,-0.9345358530174452,0.1974058522338158,-0.1136281217539485,1.2981874127623287,-0.4753353000754978
-0.4708164107483154,0.0486725619364973,-0.8058310829423269,0.1238484783011909,-0.4910361584087439,-0.3577661805524388
-2.316917929624825,-0.5382568985856793,0.3442231412377277,-0.0536517109150327,0.3366306052790554,0.28204506286458
-0.1950321190450862,0.0034837560591133,0.716475429186181,-1.0008279902759294,1.838839181158984,1.3629692083540923
0.8126412833352016,0.2334232287509921,0.5424630079267337,0.048536547539292,-0.5432721332416263,1.3658488137569664
0.9078541706910244,-1.08637145953531,-0.614207833365288,-0.3605980892867449,-1.1851900333540135,-0.3283538353176833
0.9399914398613912,-1.1140376577747209,-0.6920605939818958,-0.4076016986610106,-1.194430332151166,-0.2668843275151152
-0.0039927544269598,0.6819126289295446,1.461556839788095,-0.0536517109150327,1.0571853339304749,-1.916477674913548
0.6173496156397875,0.7354350868240722,-0.766824063750394,1.5702407340749234,-0.066925301372093,0.5032460595630709
-0.559708683883608,-1.0991269847580662,1.1116525366630463,0.2077015625259942,-0.3537517191367644,-1.122727395288839
1.6798829326270812,1.4452693321406442,-0.5702094985776565,0.4917985031922517,0.3711402926235227,0.7747400970881742
-0.3146101923741464,-0.890716189124757,0.0832736791339635,-1.650931707361755,0.646274903746899,0.1938600208436554
-0.7191808335212457,-1.6727874901114133,-0.0937001111204876,-1.1078901278471511,-0.4044790737578667,0.5959195236809154
0.7191066635620224,0.2231293511104899,0.6022135470148435,0.0841577254422516,0.4356338066771172,0.7110394764468638
0.9888827012125396,-0.2160688451641274,-1.79765830781684,0.6285504592931089,-0.7344897450847404,-0.0861180661326188
-0.503465935534706,-1.1369840839792338,1.5288869346947205,0.2077015625259942,-0.8793172854156199,-1.4358319718554775
-1.1075385801792017,0.1295301304988126,-0.7279672300343535,-0.0214527539814359,0.7477296129891037,-0.1113873286683651
-0.3290918830511997,-0.8623957666088924,-0.6608699302285468,-1.6985259135924873,0.6681498968177089,0.1857554832834096
-0.8924466799178898,-0.8143458195327635,1.4656501067384962,0.2077015625259942,0.6543837373852164,-0.134740452628512
-0.3292565225231338,-0.0678824959013893,-1.4045912347058265,1.5812228366641303,-0.1391504940110602,0.2890669477387411
0.1105908275379945,-0.9249432615691288,-1.241494817461382,-0.4532442760125991,-0.971154540807727,0.8412612705438131
-0.0235436659330346,0.1868909237957703,-0.4513787570328983,0.1238484783011909,1.52542333216169,0.743390409766565
-1.5975303669891563,-0.9064239841881768,0.15766228322687,-1.6460218286542296,-0.2915211354008398,-0.7713648424164277
-0.0795518873198383,-0.9363485553448188,0.3843982900287734,0.073966360938555,-0.1272701098432928,-1.2199231344152028
-0.6124249010611087,-0.0570145731663888,1.074219001626582,-1.8967413545505536,-0.463880994596704,-1.621019194871441
1.0514735080147584,-0.20286042686036,-1.196997459241303,0.8007333025639491,-0.7993604141912801,-0.0880536525825532
-0.742097061648936,-0.3858978826947554,0.8804071240790796,-1.9058931272078787,1.5150515682057026,-1.5558589921061718
1.6703996423276912,1.7159951313566013,-0.719903650459045,0.5646358938710286,-0.4861331427204588,0.9683915879337612
1.1830111067675873,0.9491444884864256,-0.39169946702832,1.1341424411472285,-0.6068227596628585,1.412899817942613
1.1234656027308518,1.666532060660202,-0.2479281216984894,0.6652709426534492,-0.3841127008988368,1.027956117084738
-2.4803398174913904,1.4053181869923042,-0.8451870301909219,-0.1136281217539485,-0.381566904291458,0.815070142386716
-0.0133123956695889,-0.3322731799207458,0.6253104352041794,-1.5646098569466116,-0.331310993486537,-0.503172821316301
-0.7272300846555679,-0.966835970267784,1.207338725913733,-1.9973854376609352,-0.8951577976393098,-1.4579724658303252
-0.6133822625003339,-1.4112493497353569,1.198593949431375,-1.8096066365223704,-0.9837892350813844,-0.5293159617092266
1.293583663220215,-1.142209253406424,-0.2961505625461252,-0.5814038863979845,-0.607765647295221,-0.2233984739163279
0.5025891022693844,0.3590429248254513,-0.9374888110733716,3.539011169813963,1.884852097618274,0.7526373769540259
-0.5857419009352004,2.644312923271546,1.509061963982646,-0.0536517109150327,0.7801649475423733,-1.6766207694040625
0.5866066043298782,1.1932885625067493,-0.8992526302292034,0.8692927263569529,-0.7073345812727005,1.012114454602438
0.8104000136408588,1.1490173874045904,-0.3195412856024724,1.2183148316977794,-0.6347322335807882,0.9497795003143962
-0.2160001799414698,-0.0020710373811724,-0.1968381121808541,-0.9048346272955774,1.9991300786606083,0.3366029799363241
0.1192049280434772,-1.1439633623383156,-0.369573628291644,-1.4256767123684595,-0.4487947924789041,-1.935327226272023
1.007773958515244,1.4186051575455243,-0.3785090052766368,1.2254619143352017,0.3305961244319354,1.209927731436872
-0.4383541651345118,0.4290408482675095,-0.7741639523913751,-1.0772485031048762,-0.5740102700566435,0.4581185571364343
0.9776486264859412,1.2517007183885096,-0.214145088349092,1.1309992215579994,-0.2790750186536547,1.1785590070270084
0.983317434630349,1.4383853212308524,-0.5281572647267765,1.0956921526587058,-0.1512194557053002,1.1758733467285971
-1.485629491147169,-1.3591501616656845,-0.2867516492972148,-1.6061481961691657,-0.6977171274226031,-1.0665038615022002
0.7381276513764025,-1.385973792664227,0.6399365957336446,-1.707804600580004,-0.1342474783227753,-1.0909063025348211
-3.2586478083239228,3.684404003969515,-2.227931930402378,0.073966360938555,-0.2690804097506122,0.0076470251283969
-0.0795518873198383,0.1204813973994511,-0.8743612555076312,0.5556765619988959,0.2710056260666255,0.2597179252301204
1.883172339867227,1.9270717477940504,-0.8205615586424764,0.8156638998345969,-0.6517042109633133,0.9103489445569968
-0.6808692784713897,0.1371410705076479,-2.076000185550766,0.2542148981631374,0.865401989507943,-0.2112767505801824
0.889419995678313,1.3433734671208308,-0.6435453126633311,2.0738789604210126,0.3179614301582779,1.3864768575895758
-2.555829682357101,2.660344341758097,-0.96101586213746,-0.1468397660768076,-0.2915211354008398,0.794983802756322
-0.2439567018052471,0.3303419192307255,0.1046615418793673,0.1238484783011909,0.0492384549349664,0.2542407324415914
-0.0695245181329426,-0.8541719938009461,0.5134735309531115,-1.8043995381678373,-0.3126418183657595,-0.5116699704462372
0.8375081374120444,-0.905125280212165,-0.0190761008081232,-0.0529752840284057,-0.8898776268980797,1.065929264776378
0.1480786729711011,-0.6718111546884806,-0.029913710305512,0.0502058667459158,0.1229722677857136,0.5115449227117015
-0.4567803047818717,0.4200521653149091,-0.7710221593510166,0.9615980419580482,0.8620075940314382,-0.0798738520019012
-0.6875852801569765,0.3120519678565923,1.506298380493451,-1.903907665465775,-0.5355404546562538,-1.317280271018635
0.6851837810174072,-0.6927814501324245,0.0232059179620056,-0.1136281217539485,-1.1105133328709038,-1.2737388531413545
0.9388750347714544,1.338164366204827,-0.4936470207395504,0.9535597298858476,-0.2091127563323575,1.151042174749631
-0.67837303676249,-1.3317464781754298,1.1113154295723873,-1.967206145074567,-0.7286438417640929,-1.3837063536319978
-1.653409737545834,-0.9003099139800265,-0.0984371662526323,-0.6520301150002344,-0.381566904291458,-0.825044932344987
-1.9563559538220936,-1.232697796090355,1.042707975567263,-0.1136281217539485,-0.3199963418981871,-1.7164978718368191
1.0332612263282808,-1.387569340345935,0.8835235677060088,-0.0536517109150327,-0.3477172382896444,-0.1279159620794278
0.0577616892880552,-0.2052583722067823,0.3110082444291761,0.073966360938555,-0.7703194751145153,-0.3300050908899893
-0.0998248442725783,0.3431215455184487,-3.149478725746274,-0.3182170771257098,0.698699456106254,1.2602424395927296
0.5489386371639711,1.177153598956164,-0.7708446503707009,0.5162567186486884,-0.0376957847688558,-0.0297685915843174
1.7090560210967327,1.7653686186565976,-0.5714702951277412,0.587349701553108,0.154841869759566,0.7777176262461709
-0.584449314400136,1.1831488656517208,-1.1546865538402211,0.8780589784884978,0.892934308372928,-0.1064725129319637
-0.0274027138139013,-0.4087319995021895,-1.013858948409784,1.0400264473457317,-0.5440264433475162,0.7190352711421485
0.0470777101456543,-0.6613179744127279,-2.0486442382542545,-0.2725278370091161,-0.7750339132763276,0.8363905656292654
1.2420594707359969,-1.2394427995726194,-0.1811764345493355,-0.6796663066619102,-0.5270544659649913,-0.2507681248559902
1.662144083338563,-1.2664035728124723,-0.083276143437205,-1.0227141502545825,0.152578939441896,-1.2651452223205184
-0.4567600154455199,0.5370076119225259,0.8871108392997972,0.614048510532064,-0.6681104557664207,1.4756788335750246
-0.558674271152164,2.883347547693491,1.6430560937133607,-1.768679374176362,0.8787909938874907,-1.6711946428222348
-0.6274707017838599,0.6090754768231649,0.3075798225879699,0.4980331419091757,-0.2066612484882151,0.3677209375865625
-1.4975145443906508,0.7109369346030757,0.4810248948209657,0.1238484783011909,-0.0657938362132582,-0.8655235863846369
0.9119949220321382,-0.8498329716225095,3.175042104507075,0.2077015625259942,-0.7878571850764577,1.0881361812328654
0.3884934919222245,-0.1727699902753924,-1.0153639617846688,-0.171865450289548,-0.6379380515308208,0.3991998187667542
-0.2222980167198937,-0.3531595624066756,-0.1200905173569956,-0.9477843561368666,1.9052184704773036,0.3236116152960799
-0.5504513963270463,-0.4512195290191896,0.4037344208439241,-1.3757036071298905,3.1238064465425937,0.2214103047625145
-0.0471291457310596,-0.1186480077534834,-1.8920709865352416,0.7038943333435126,0.2398903341986629,-0.2592568295270635
1.553317892475693,0.6085742999252325,-1.014266161423275,0.7451118232822556,0.1921802200011209,0.3539899894987541
-0.0156799012503946,0.09484261913795,-1.9400465070008903,1.113503426109225,-0.3467743506572819,0.5424974719056904
0.7007097818542433,-1.4345737688604994,0.4856029077051333,-1.7587393881443274,-0.4186223882433041,-1.1286503689550655
0.5998381396881177,1.1868482753136111,-0.3019664802788365,0.7919756697421115,-0.1719629836172752,-0.0287762403858543
-0.5837184962397505,0.4038298851818261,1.4797277252487573,0.2077015625259942,-0.0491990138836782,-1.222784230089724
0.751298090532228,-1.124138240177186,0.4934231133636976,-0.4745109262011422,-0.707146003746228,0.5866105873864952
-0.6097851502480359,-0.9884041668102304,1.883044939560812,0.2077015625259942,-1.1255995349887038,-1.6482349717456466
0.62239096736425,0.8977267060383316,-0.7403376213886065,1.6453457940160037,0.1337211867946461,0.5189002000195279
0.0983336788970616,-0.9681799560639228,-0.0034228235842677,-0.1136281217539485,-0.2241989584501575,0.5497659305576922
-0.1075381408077455,1.5769613870052093,-1.9121722512151933,-0.1136281217539485,1.094335106645557,-1.9293379316926456
1.682031384069783,1.6223978610217529,-0.4563229681894182,0.6499907945399804,0.0477298347231864,0.7787586528721128
0.7340567515417316,1.0627738111401213,-0.5704974614645874,1.0560718271453833,-0.3831698132664743,1.2115527551055707
-0.4353009325224156,-0.0217080582352265,0.1326433386705665,1.326852345835399,0.0198203608052565,0.2295966783170165
-0.238363289795643,-1.1156744301561716,-1.8792600158385635,-0.091928623275312,-1.099952991388444,1.7515048820620425
0.8837019633387317,1.7436782115734497,-0.5090980780973159,1.544359977503578,-0.111429597619603,0.3214575242634617
-0.6387302667410538,-0.3200356250791237,0.2724074389313647,-1.344322546618403,2.459824975832924,0.2094204621430799
0.7468592015319122,1.048119325534709,-0.4614556361366502,1.0339795445911424,-0.3618605527750819,1.206804942572343
1.1843877816259254,1.3231031610881443,-0.4141816956617138,1.2013161346625576,-0.6090856899805285,1.4883251084914442
1.4633382081868918,1.3139385481896209,0.2807990424985522,0.563860736736558,-0.2287248190854975,0.9065683433992332
-0.2639601139782301,-0.0428164659534581,0.2042488128594742,0.646580163992665,-0.2788864411271823,0.4000267693611538
-0.4346401714148852,0.9048626021780176,0.4439884060071409,1.2486128887371537,-0.1925179340027776,1.4863830269069485
1.1614546226559763,-0.5859611531375262,-2.876236983124992,0.7172377882072805,-0.1925179340027776,0.994533884123881
1.0472581337496694,-0.2371407353952767,-1.9896784141064945,0.6777172647435246,-0.713180484593348,-0.0890564720314475
0.6288418385277176,0.6955848931779108,-0.7490479145309543,1.4823516658509677,0.0586673312585913,0.4848921418081626
-0.8059809588150681,-0.3288413972519862,-0.8522637060556132,-0.5053018142259226,0.2972179022463028,-1.0346977978738812
-0.7298080176872802,0.5307176117684524,1.3412520290711036,-1.2564532484819413,2.418903652588392,-0.6563039447324529
0.5253751726190418,0.4721412105836213,-1.8517003117915365,4.444289442135882,1.0138125028418,0.7691885031539958
-1.8262452037450665,-0.3947489366877451,0.699495011864381,0.073966360938555,-0.4868874528263489,-1.359708010699054
-1.025887064980174,-0.7686869969395922,0.9085318102976616,0.2077015625259942,-0.7378841405612454,-0.8008660804076051
-1.021880326899019,-1.0259692146289745,0.1400086740531991,-0.1136281217539485,-0.381566904291458,1.7515048820620425
0.7193332445294343,-0.7107231086131706,-0.0872922822194622,-0.9963110028744824,-1.0124530191052044,-1.24246511938266
0.2195509036082193,-0.3230920117927347,-1.6071620395084183,-0.058940043753123,-0.6715048512429257,1.7515048820620425
-2.489816497377782,1.739880774122813,-0.9252296158332516,-0.0536517109150327,-0.4086277793402617,0.802627091954901
0.8186754328396189,-1.6321821274938688,-0.2087506083657808,-1.24845779309601,-0.3003842791450472,-1.390143713005484
-0.752113064278563,0.4891486864632793,0.1901783790481275,-0.1136281217539485,-0.3488487034484794,-0.1550608134694907
0.1199553572484732,-0.9169780280769418,-0.0358653463894068,-0.0536517109150327,-0.1308530828462704,0.53975585934431
0.7883380146436539,0.4030972754335194,0.4521112842240367,-1.3145080999000422,4.038973182513632,0.0759502848138091
0.7735341029352536,-0.9856048592574757,0.1089150875471784,-1.003059886579263,-0.9076039143864948,-0.3681317571226359
0.4712475817548033,-0.5598586889017768,0.6032231869067657,-0.0536517109150327,0.99042888955921,0.4913086046945865
0.6360940732096844,0.7649556954052767,0.4121577355702198,1.4696303272579223,0.0835595647529613,1.2077846279826636
0.0950135465272402,0.5167648990735271,-1.3803718032067074,1.1999072835284377,-0.3552603393485444,0.530890610802473
0.2140388773025549,-0.8482797820474974,0.6507297765732197,0.1238484783011909,-0.2558799828975374,-1.3952400080735663
-0.9086444286520154,-1.1170646678054157,1.4319724700261771,0.1238484783011909,0.7696046060599135,-0.1764407573990558
-0.2826198851817045,-0.6821545346434695,0.1456780702526857,-1.6854752855855748,-1.3070111154552482,-1.0153571775967112
0.2664256946275503,-1.432663770523643,1.2226604118366622,0.2077015625259942,-0.6909283364695931,-1.7868500278673494
-1.2723819019528513,0.0123098138338969,0.0039775262438253,0.073966360938555,4.8894578269046045,-1.698531731398447
-0.4430278919520966,-0.0945351492276327,0.1784204358157466,1.04181629803855,0.2742114440166579,0.2322444873025499
-0.4270517202384584,0.4683268979627953,1.2665658095469736,0.5634424317679931,-0.8195382095238376,1.4699809722232735
1.3416146233672896,-1.486809854110519,-0.2633297358790687,-0.5137474627166035,-0.6765964444576831,-0.1951285313647928
0.2052425044309629,0.2541056047926355,0.4836102977784906,-0.3168950429856659,-0.6105943101923085,0.0599211207101421
0.1529035965511415,0.5254763772337011,0.0812779071677421,0.0676530717884757,-0.1761116891996702,0.0605932154717508
1.6886054664505428,-1.3986217973895525,-0.0305595826622342,-1.0531098604259694,-0.1018121437695055,-1.2795579304245104
-0.3885324701490481,1.0430335719699837,-0.5864358800944637,-0.9931124994292342,-0.5134768840589713,0.5463279061626252
-0.5468632012254213,0.6341744538560957,-1.8295017386170864,-0.3406203223707392,1.6297067043009823,-0.5627991758431392
-0.0004667945688964,-1.2960002183646355,0.7357700178403911,-1.5092383202855917,-0.7510845674143203,-0.2761346255034664
1.1626422745626603,-0.5428035010141102,-1.2022478884656052,0.9074142508471816,-0.2666289019064697,1.0022561026496024
0.5444713078998612,-1.016391878225593,0.9927615806533512,-0.1136281217539485,1.2084245101614193,0.3719666503193776
-1.1443729539005312,0.4314506416307585,-0.8142707495022714,0.0420011028213629,1.5233489793704929,0.1563659745776156
-0.4882614032142618,-0.1051408022744399,1.491033913372055,-0.0536517109150327,-0.2851094995007747,-0.8364426869557279
-0.4864108534452863,-0.8736765762227264,1.297815649148209,-1.6987430117036737,-0.7895543828147101,-0.5408496474934741
-0.2483234273443901,-1.0615773587618564,-0.749965441525522,-0.197268062764966,-1.1054217396561463,1.7515048820620425
1.5088442118847851,0.8516183225125182,-1.23977578952653,0.5388345391882591,0.4039527822297375,0.3555823777272848
-0.607906203049472,0.2358831711173799,-0.8849879914485942,0.4600698356636727,1.0592596867216724,-0.1580177615889434
1.5715522652983716,1.3679118672013442,0.5743146580534634,0.9445778856008572,-0.333951078857152,0.9432077708488564
-0.6783317096543905,-1.2841497441210137,1.8061350761961743,-0.1136281217539485,-1.1154163485591888,-1.7359320990665663
-0.0603241252571418,-0.1666645244299363,0.27034216577149,0.2077015625259942,1.0230528016389524,-1.8766816770903647
-0.2348056069605695,-0.5136853880461915,0.9322428955823072,-0.1136281217539485,-0.5683529442624686,-0.6737470654086385
0.0894080819459392,-1.279249985019809,1.2813010610763291,-0.1136281217539485,-0.7993604141912801,-1.8762879424737589
1.2348166674489094,-1.4276954385999707,-0.0862021564524794,-0.7600371712531633,-0.5021622324706214,-0.3049378033694622
-0.4610457332210746,-1.6122534602687049,0.9335187767653882,-0.0536517109150327,-0.8295328184268801,-2.190265243400306
-0.5137464011288965,0.8804761092618236,0.4311366391241547,0.7728008742049727,-0.2964241510891247,1.4829890615398942
0.5077784028764981,-0.6536357863325812,0.9206380330943686,0.1238484783011909,1.720412494534254,0.3715891066697041
-0.6347226012870849,-1.4614620755314758,1.1039616384588664,-0.0536517109150327,2.512060950665806,1.289110101531721
-0.3152009544633421,-0.8131024584908522,0.3237086792097842,-0.1136281217539485,-0.0493875914101506,-1.206531647559541
1.5353640733224931,1.8103386463594369,-0.4154790103416028,0.9791587770747252,0.0899712006530262,0.935323430038144
-0.0918638080836704,0.4234873550117765,-1.3815239042917071,0.5157072940863447,0.3698202499382149,-0.024321370666773
0.0134737407550463,0.4691549385343683,-1.648237690840064,1.2091328094714724,-0.3795868402634968,0.529847570211602
0.0555428669426452,-0.0458757729768763,0.6806621959752478,-1.3205031143063342,-0.3179219891069896,-0.4958477228763988
0.0948037168714889,-0.948894635131364,-0.4339096199496342,-1.3975580130538463,-0.3179219891069896,-1.9276537599426036
-1.9844732919308876,0.0457119327941024,-0.1714629788428045,-1.4382511975286516,-0.0727712046927406,-2.0235941773846355
0.5729240921466963,0.8029148012522117,-0.9808532823717104,0.3948713096511756,-0.0158207916980457,-0.0288961625148473
-0.2190305764612017,-0.5756119325629236,0.6735498567312964,-1.5343246064656637,-0.571935917265446,-0.6729769824228641
1.3697327791905634,0.7328629950309566,-0.2865721845334645,1.4279327753261677,1.3302455922626537,0.8188661472116169
0.1873285755434939,1.3692102478330297,-1.0254500160270263,-0.4159285172094827,-1.0079271584698644,0.7015294993849048
0.0180155054234513,0.0796966944042511,-1.3319664862344047,1.018911743290806,-0.0450503083012832,-0.2178302664666633
-1.5574070259179245,-0.7749130532004957,-0.7735291779877295,-1.2329100198545222,0.9655366560648402,0.3958062696825546
-0.7127568462071884,-0.8737890489937806,0.6006400806585707,0.5088370532826649,0.3722717577823574,0.2781402842504284
1.3792110432028288,1.030230899740883,0.3305028741363482,1.9184676036427983,-0.3215049621099671,1.166540635598659
-0.7422053358582518,-0.8154955332506386,0.575514691119106,0.4404486729841847,-0.1201041638373378,0.2901272870269675
1.4487356671605005,0.8761794451900826,-0.5172624973441352,0.0646221228558671,1.151851252219669,1.162387390985264
-0.2666181251093271,0.3547323058933284,-1.0689570854267316,1.4402981744186885,-0.0442959981953931,0.2978001783612843
-0.0752461984689803,0.2114734722894578,-1.5626606976669586,0.7786796561777107,0.0639475019998214,-0.2393210421096849
1.3787355548735112,0.683793008926146,-0.4965063086182139,1.47397339760789,1.5472983252325003,0.8153412060619509
0.822703458991514,0.5453600893866878,0.3657875544542723,-1.3105651647008172,5.083504101644805,0.0776752906432174
1.6668786618104925,-1.4307874510510497,0.0148006953537862,-1.0708789867634312,0.1135433914620886,-1.2940076329611874
0.6613452594637629,0.969177514241876,-0.6899394755716554,1.8206137505131852,0.1069431780355511,0.5320014392484661
0.7359436364048743,-1.0579799523221096,0.1253099911370512,-1.080347332841834,-0.8885575842127723,-0.3913456300015619
1.44510658341704,-0.580999720360682,-0.7969581406921705,1.0510285975179436,-0.4108907096579316,0.5857326806351105
0.8402844139465968,-0.6522072442934009,-4.156289829143546,1.6703185615917355,-0.4544521182730791,1.7515048820620425
-0.2348931123548205,-1.2481145131879536,0.4969562487805083,0.2077015625259942,0.5727296684226242,-1.0555434142232616
-0.3254314205469948,0.1510061432757502,-1.4093204057542708,1.5671191142331613,0.1976489682688234,0.2915765097556388
-0.1080887578216723,0.5117125793121023,-0.3027206239099803,0.847821664708748,-0.4910361584087439,-0.2886049127578929
1.0963333970796794,-0.1415600267180934,2.972963788467701,0.7393250463982112,0.1150520116738686,1.009902721881565
-0.2266000992104921,-0.5071230502827025,0.8267122288849629,-1.706705288750772,-0.4829273247704264,-0.6731837129370483
-0.5249305070835568,-1.0631851560880798,0.5874019207933957,-0.1136281217539485,1.2172876539056268,0.5636116801323217
0.2293761192358552,-0.8227046243348403,-0.0942105033791453,-0.0017333444643424,-0.2915211354008398,0.4884628085735575
0.9402322365470004,1.4847890883074586,-0.2818163233013045,0.9533957543381684,0.2340444308780157,1.1993140033840866
0.2952128787215337,-1.5186293285294334,1.634676053724091,0.2077015625259942,1.3340171427921037,0.3341438324167282
1.742647960116812,1.7090491268304688,-0.5698584404153042,0.8576103051949198,-0.4122107523432392,0.9724510290044004
-0.6545108553893589,0.3575455683064656,1.9433327451594744,0.0638442277252377,-0.5834391463802685,1.5098955104124392
-1.0094822958477467,-1.0831261580483718,-0.9475239457038416,-0.0536517109150327,-0.4086277793402617,1.7515048820620425
-1.2872776654041285,2.2212005149809784,0.8435199625233194,0.2077015625259942,-0.7720166728527676,-0.334090610843641
2.4303863258970897,-0.6116456999374555,-0.5731817976382984,0.0556292022824934,-0.469538320390879,0.0437643099980844
-0.3486707820167259,0.1429545666376685,-2.124069779200541,-0.1452352433355729,1.1695775397080843,1.281155995328872
0.5996537257676394,0.1447672655614176,-0.5422623009136401,0.4653494603072544,-0.9494681252633896,0.5052849586395877
0.5155110891390202,0.3439249166197652,-1.0147249271294687,3.4188916277067607,2.2872765391105867,0.7462376297498121
0.7492374146629969,-0.4211782680007587,-1.2300798372752169,-0.009382611522044,-0.5196999424325639,1.0735176437782714
-0.1278921767099025,0.5524518371131997,-3.4024919753066256,-0.2018313700162117,0.8016627855602384,1.2705850893938115
-1.434611874390483,0.5862434702629107,0.0785072550967047,-1.5929817200967409,-0.2690804097506122,1.229006976351518
-0.5869315592956781,-0.2583556118909738,0.3267847038664024,-1.35601617849267,3.027820485568092,0.2181724282088771
1.3897769797580375,-0.4605151167914593,-0.2577342289423376,-0.3510539130629845,-0.715443414911018,0.7989314288862867
1.873408227033514,1.7904922651597834,-1.2055343937617846,0.3755754338395016,-0.8365101869063625,1.3841126623992082
-1.62299955155242,0.4546351581751349,0.9188685355380588,0.1238484783011909,-0.7607020212644178,-0.7794894055119214
2.604588805800085,3.2275379435748457,-0.4461972968830134,1.3030622014414843,-0.6375608964778758,0.8415582639974222
0.6729203005048711,0.4793731876388493,0.389871274569066,0.6222323810479319,-0.9100554222306372,0.5011230622284317
-0.2347187217938152,-0.9569942505254044,1.3032622111243215,-1.5813628857498263,-0.597582460865706,-0.3434014528419001
1.4446565927757815,2.0268986447918858,0.004562211343941,0.7986518170403797,0.4916413320394496,0.92493050649495
0.1660087664006241,-1.2189223952128925,1.2924034011962229,0.073966360938555,-0.5755188902684235,-1.837718669978728
1.5347421965293797,0.5286363090113462,-1.408369797864688,0.4178698689336713,0.534448430548707,0.3549527651640277
1.0185945627335564,-0.9707168271508848,0.8030851134718302,0.2077015625259942,-0.607765647295221,-0.0174719538697942
0.8065208950079825,0.3470864719262896,0.4780794384810541,-1.3102296759626106,3.744415086163588,0.074321272722584
-0.7733551061191456,-0.1487162084597006,1.179309720045601,-2.093509674856462,-0.3827926582135294,-2.06264174146809
2.4173588173058507,-0.6783007808221304,-0.4837591113117613,-0.0722216134946985,-0.5166827020090039,-0.0116360052239779
1.0094221040767888,1.0542025589050392,-0.6871521131849149,2.069267173749074,-0.0461817734601182,1.39030360600736
1.2366700608322228,1.0104955277537564,-0.0992392897302008,0.2077015625259942,-0.6645274827634432,1.521865716337952
-0.6541103366549688,0.5398838481958546,1.4879894308143322,0.1238484783011909,-0.3086816903098371,-1.2504330716193313
-0.7568603151483855,-0.4750744949179324,1.811668621176446,-2.0359473618046926,-1.2293171745485785,-2.058128842255978
1.5692272973411632,0.7554119561791707,-1.2623469319328415,0.640572087756916,0.4614689278038497,0.3538650937381497
-0.0077774148695967,-1.576626650659156,0.7891128103252157,-1.567302850449264,-0.7252494462875879,-0.2993143388857155
-1.0032291795983523,-0.2971114347533609,1.0562003092471677,-1.6072404123171151,-0.9087353795453296,-0.9102492314142784
0.7593006799149749,-1.096750056792829,0.4100582528994533,-0.574267357561762,-0.701488677952053,0.5991728367071005
-1.205900682589801,-0.7342589983310915,1.488751476247682,-0.1136281217539485,1.2402941121352715,-1.6182256101878905
1.4681469283783113,1.3566928946371246,0.3033555640631322,0.7138764588915043,-0.2564457154769547,0.9151016705267788
-0.7277371548718833,-0.3036333578797337,1.7587942206539626,0.073966360938555,-1.2180025229602285,-2.049198808190765
-0.5688392817639445,0.9870175779354162,-0.6698525041578705,0.0786271037241497,1.2071044674761118,0.1743991197212096
-0.0073925454891582,0.1834956620177176,0.4707515979519571,-0.1136281217539485,-0.356203226980907,0.181153231004934
1.6701985358705946,1.3983355016051142,-0.5907460607791549,0.4993593274713075,0.2574280441606054,0.7755477205850139
0.87681293791838,1.416924403528499,-0.0968567621096807,1.567153187074237,-0.3880728289547593,0.3317379904735959
-1.84611166575155,-0.8435793255815432,-0.6807250230726816,1.7855686165796494,-0.381566904291458,-1.1761464706840892
1.866825067891433,1.832808405165922,-0.871463492926903,0.8834575973687819,-0.7378841405612454,0.9174106218129172
-1.5943507961292072,-0.7045580759356301,0.6815150641334295,-0.0536517109150327,-0.7358097877700479,-1.4947575908086292
-0.2343093894864806,-0.5139395434936164,0.8923317880839847,-1.7608474858607344,-0.568541521788941,-0.6734236819565609
-0.6989619302198264,-0.4653194450693984,-0.8285543211376095,-0.4873569174472692,-0.1355675210080827,-1.030564911450366
-0.6893950617908009,-0.4966258128865655,-0.8108945401402643,-0.590236754555302,-0.1176526559931953,-1.0261436971038715
0.5464184578280766,-0.6592678352413917,0.5038135760053636,-0.0536517109150327,-0.6922483791549006,0.9777018799642818
0.7550261833388103,-0.6467126643738511,0.0529789660879912,-0.9401813888789096,-0.8538593193418326,-0.3501803260683342
0.1334265127803625,-1.299959790871164,1.276936464428322,-0.0536517109150327,-0.7772968435939978,-1.8549991240040369
0.8245919601538599,-1.351755402865913,0.9767783672821616,-0.1136281217539485,-0.3735523594163769,-0.164817724226113
-0.7723027815470827,1.001762627181084,-1.130961328472863,0.0896602459597015,2.247109525971945,0.1417848337263675
0.809386888471844,-1.0761691155680402,0.0943585376915268,-0.7267087981383524,-0.5883421620685535,0.651213922445325
0.1268202699730376,0.196145286868297,-1.3693047504840268,1.1531581286854131,-0.5472322612975488,0.5369883977726044
-0.3247021635696607,-0.631070923450781,0.6708601469836208,-1.6352625632973807,1.129033371516497,0.1992500234502159
-0.2367620239925944,-0.5344523203308762,0.7489462663978308,-1.6216110089069546,-0.4887732280910739,-0.6730259527144519
0.0313925586971063,-0.3252448859654784,0.4651351868759688,-0.1136281217539485,-0.8989293481687597,-0.3621701894587932
-0.7587019237114082,-0.5987325018105055,1.8784454906510744,-2.0285181678858275,-1.2283742869162158,-2.0658338222757475
0.9912958606363936,-1.0163065085163,0.8057535775387218,0.1238484783011909,-0.3103788880480896,-0.0542421270474983
0.902189085423507,-0.9206681832838618,-0.7222049514376342,-0.503218506225591,-1.1222051395121988,-0.206925260950596
0.933907676435266,1.2920511120923774,-0.4261221208247058,0.9607664399951508,-0.3179219891069896,1.1605594371178305
0.0005608751584568,0.0190349367455536,-1.9719236613522133,1.177918740606398,-0.5472322612975488,0.5478107450740923
0.00821293324405,-0.1690618196840822,-1.50990001668111,0.9327834628969116,-0.5939994878627285,0.7499938773632623
-0.7318915287072735,1.4695454625329636,-1.027622861693707,-0.0644213130113404,2.1222712034471503,0.1488566669445164
-1.5223012457012437,0.9828728244316192,-1.0721740627649905,0.2077015625259942,-0.1438649321728728,-0.8462700594070324
2.534454420043472,-0.40211204858707,-0.8644501684832041,0.65275092246095,-0.3903357592724292,0.1586081571913861
0.064064889320069,-1.2412047810879414,-0.8227938887334505,-0.5665522424773627,-0.2639888165358547,-0.1518598618876647
0.9098749727951828,-0.9295281649838713,1.7657992619709302,1.7071357571485728,-0.6522699435427307,1.7515048820620425
-0.0493125311127604,-0.2233250015676856,-1.1893994632824243,0.9845190970724268,-0.565901436418326,0.7343294015819178
0.6506629526523047,-0.929171597879365,0.9621484203089938,0.2077015625259942,1.5765278418357376,0.3715898054627841
0.9803490061550316,-0.2761257208905069,-0.8542360154026362,0.630492611234423,-0.606257027083441,-0.077896908410036
-0.6146474266423809,0.0853298767200143,-0.9899290563204126,0.5756505740730559,0.851447252548978,-0.1430611668389537
1.7407542436112655,1.3732219162159012,-0.124532135428138,0.9775378833492676,-0.6188917213570985,0.9764240766836249
0.7938446782702003,-0.3700438543090306,-0.1369453052766734,-0.8610352757760259,-0.6886654061519231,-0.334488828899607
0.8435926657191871,0.9864274643297316,-0.3313954530403664,1.2033605051270986,-0.6126686629835059,0.9384047444624636
-0.4465432726581774,0.5397309641913093,0.0987335166718339,1.5043928391435974,0.132966876688756,0.2273210077059083
-0.2714497952519971,-0.6206699269405367,1.7854343481883652,0.073966360938555,-0.609274267507001,-1.5210857841328138
-1.3949696718561615,0.0885539157648047,0.5161928025498463,-1.586016171147368,-0.4086277793402617,1.2266439580567632
1.3680670454208812,1.0864380821699324,0.3158492022035396,2.175161436322385,-0.3595976224574119,1.169984351623572
1.397785576064891,0.3330613743494751,-0.9674697198090646,0.0802796500886342,-0.2696461423300297,0.5925530514759872
-0.5494069614551496,-1.1333048033525386,1.6207374996285238,-0.1136281217539485,-1.0239562482200266,-1.5595571044719987
-0.7947177281863795,-1.131290204828058,1.1602328227748515,-0.1136281217539485,-0.4176795006109417,-1.1860660856923817
-0.0039927544269598,-0.821684748680134,0.313675695350992,-0.0536517109150327,-0.2334392572473098,-1.2144690544415886
0.1750195615554008,-0.8746368918525976,0.6994811856761872,0.073966360938555,-0.2709661850153372,-1.3989762345571202
-0.0795518873198383,0.7790746036801024,1.208547277281398,0.073966360938555,1.357023601021749,-1.903415406799501
-1.4018076069733805,-0.696098809753301,-0.1358816248646693,-1.8643871174293616,0.3123041043641028,0.1937686297029085
-0.3448522461894854,-1.3981442348382855,0.4598537168497884,0.073966360938555,0.2955207045080505,-1.1332023192258724
0.8396792327939644,-0.0302848277455962,0.146633116562331,0.7763779140743318,-0.2690804097506122,0.0786344480792457
1.5006429362130342,0.8687004534915956,-0.3378065320985145,-0.1031142146545941,0.9214095148702752,1.141491587941892
0.8640948268389018,-1.649655722939281,-0.0430547983815103,-1.2644148045069898,-0.4633152620172865,-1.377571810839349
-0.825498624926351,-0.2827523258914916,0.8807786206038973,0.1238484783011909,1.6453586389982002,-1.632602315616072
-0.1176282221140364,0.3820528116084574,-1.2866973739918637,0.4764523389492027,1.0717058034688574,-0.0417166014551394
-0.9655925119462756,0.6222309823807135,0.94776851467369,-0.8191255598674365,0.0992114994501786,-1.6285889761038643
-0.9585795879917434,-1.3821208523091395,1.4588093979269543,-1.9633655257788003,0.7545184039421136,-0.2184753992617726
0.9279282169614074,1.4977034232449862,-0.5127997962780768,0.968546912410424,-0.2837894568154672,1.1697340626520525
-1.674010101505103,0.6558025371713275,0.958389915825898,0.073966360938555,-0.7850285221793702,-0.7991625270362257
0.5876420020063986,-0.4639019375807934,-1.2712272053518707,-0.1102953701330918,-0.5917365575450585,-0.405803744803101
-0.7552139596894006,-0.4152808657199731,-1.0927371454317214,-0.4389163959631461,-0.1372647187463353,-1.0420568340887728
0.7472898797349529,1.2355719222054882,-0.6231462684814904,1.0947402426611528,-0.2651202816946897,1.2129174545381394
0.9237364101927802,1.0587592224474434,-0.2024226808498183,1.4305002283022097,0.4092329529709675,1.374511092167694
-1.5410873821650868,-0.7851863218947513,0.6223741266068952,-1.22103728418753,0.4329937213065024,-0.8513235890581132
-0.22903397531251,-1.4945628852306634,0.512636023745516,0.1238484783011909,0.469577761442167,-1.0938433744950655
-0.7692563426271245,0.6112389022318071,1.362519779839004,-1.1688686152638676,2.428709683964961,-0.6298017705105554
-0.5124775247030218,-0.1438701687637172,1.3752050881079272,0.1238484783011909,-0.3494144360278969,-0.8022977221547363
-1.1170785451958545,1.1879752698380597,-1.048549738997766,0.1097115956945283,1.790186179329079,0.1635984222344546
0.5895041955336514,0.6493255725207564,-0.6614856584982316,0.4774775663994259,-0.8485791486006025,0.5024386158555543
-0.7468226207029471,-0.8603402701326194,0.6225352268953919,0.3944849479711204,-0.3154704812628471,0.2800002713727553
1.4898411757851024,-0.0109926927568212,-1.12625007053188,-0.0101981293773237,-0.4338971678875767,0.5952303989603817
-1.554153631463868,1.3385194731544297,0.5400918499182403,-0.1136281217539485,-0.2309877494031674,-0.9375293335890272
-0.2408515152048023,-0.1079746770374482,0.2465641309391042,-0.1136281217539485,-0.1570653590259478,0.0994058271563998
0.2146548371814435,-1.3601123424817725,3.0893618789976283,0.2077015625259942,-0.707146003746228,0.8361188767190505
0.7389714553884128,-0.4635934126358702,-1.101054362883073,1.512248516326661,-0.5562839825682288,1.7515048820620425
-0.8462247781114784,0.8503585696150944,1.4503156261544774,-1.1652640268450365,2.631241947396426,-0.6048245312803701
-0.6352322600980173,-0.0760254462423529,-0.7323209729018575,-0.1136281217539485,-0.2979327713009047,-0.2499033925115056
-1.0514504173389132,-0.9447385203290408,-0.9767634770428376,0.073966360938555,-0.2690804097506122,1.7515048820620425
-0.5645837957676975,0.0084098081594524,1.027708753262992,-1.830454802952672,-0.4787786191880314,-1.6002463842092378
-0.9563860916611336,-0.0389862447917973,1.017703461435225,-0.0536517109150327,-0.0045061401096959,-1.6314498900617884
-0.2644741591148358,0.7992718713349993,-1.5218265799898538,1.5261714690268655,0.0873311152824112,0.2943131410415304
0.5692064234869307,0.8326882719035371,-0.8352845657213844,0.4339215235200698,-0.1184069660990854,-0.029279920888383
-0.7682625303350082,0.8712520963088153,1.3440570538948762,-1.160390626916262,2.3694963406525966,-0.5598654883099498
0.4427319249948334,-1.4263818846103378,0.2953321996897778,0.0850178680386363,-0.4242797140374792,-0.1223229396773582
-1.2833123330568437,0.5468139475847762,1.2885053956414534,0.2077015625259942,-1.1580348695419738,-1.8059252095389688
-0.4772237678331732,-0.1399967760291088,-0.7047973950679649,-0.1136281217539485,-0.6699962310311457,-0.3582550993785385
1.2670636001460311,-1.4239341952920903,-0.1132341274598954,-0.7132399802517333,-0.6524585210692032,-0.2755128497437135
-0.5826453578849318,0.6905419844381826,1.1025455070097647,0.9335900027975432,-0.6748992467194306,1.5500164774444332
-0.009276636831215,0.2280078511731713,-0.9101383157528112,0.6162227837032039,0.011711527166939,0.2947863317536179
0.0054052446725235,0.0413441806214012,-0.5140222063315489,0.2077015625259942,0.8061886461955782,0.7641669450238825
0.0504684435443452,0.6751354101415447,0.1484821311523118,0.1039254070737062,0.1953860379511533,0.1862460268199861
-0.7080942299097768,-1.2110701178064365,1.296077566438096,0.1238484783011909,1.4779017954906206,0.5155825830160372
0.7727375890658557,-0.9035750143505846,0.052004393791426,1.4306732524569952,-0.7448615090407279,1.7515048820620425
-0.7068802956571674,-1.3819199261450106,1.3118948442151612,-1.787168567870025,-1.1005187239678615,-0.5972604661629812
-0.6893127434972014,-0.3202371979319044,0.285695900505457,-1.308226177263728,2.6338820327670405,0.2149914282561715
-1.5478290356034967,-0.7616963606856093,-0.7478851690378452,-0.0536517109150327,0.9566735123206326,0.4520600789708792
-2.2247827024208724,-0.4482342270029145,-0.7776066479246219,-0.0536517109150327,-0.9211814962925148,-1.8055326928625224
0.3807878814823703,0.0572843887790459,-1.0536589124490383,-0.0242424325547792,-0.5283745086502987,0.3909820121697379
-1.5900675653145384,-0.15468615899635,-0.551571641941482,0.1238484783011909,1.297810257709384,0.5681698968491794
0.0420059893614597,-1.1054104125132622,-0.2978737184402668,-0.0536517109150327,-1.2527007878311682,-1.450639082715781
-0.3557905996054109,0.4117714226403595,-0.0133507934074581,1.718394618842526,-0.0459931959336456,0.2250970844962519
-2.194645672509897,-0.438294806219739,0.6806508155959451,0.2077015625259942,0.3609571061940077,0.3030699436880821
-2.1266978424021685,-0.2985833083358394,-1.2271965626377277,-0.1136281217539485,-0.381566904291458,0.4250781218505888
0.0350300027615896,-1.1530184261792162,0.66647281680666,-1.3862293515393804,-0.7882343401294026,-0.2062506105209637
0.5910951983423934,0.1053507311143114,-0.5892668101390774,0.4617608600096771,-0.9059067166482424,0.5081349309311413
-1.339874619355694,-1.544110597260716,0.2572840946081929,0.2077015625259942,3.624856934380024,0.4971951311902194
1.2678589772607451,-0.3436724662992225,-0.2044144296452945,-0.4005260050850061,-0.4921676235675788,0.7750385662828121
-0.003742925780711,-0.8601177615856409,-0.2804472980555462,-1.3891507057831929,-1.1848128783010683,-1.4545166224573598
1.5523185718588173,0.5420148132377984,-0.6611048174986488,0.3694544913176887,0.6577781328617215,0.3538079674040276
-0.4333176664896576,-0.7801937255321371,1.5261889136057154,-0.1136281217539485,-0.3805297278958593,-0.853767944990069
-0.0980071140040511,-0.039987294999486,-1.082220949287921,0.5971222182841261,-0.1498994130199928,0.2514871909611595
0.0038227285871156,0.3473214785823709,-1.569895795964477,0.9090210506076096,0.0816737894882362,-0.2283362093185579
-0.7296216730184351,-1.438013420709065,1.135829852296639,0.2077015625259942,0.242153264516333,0.4184262500747305
-0.346365892477349,-0.1411059185431416,-0.559868304786657,0.6976535274343453,-0.4782128866086139,0.3583297101889814
-1.8248627145836576,0.4795653460663091,0.6807943358046018,0.2077015625259942,-0.597959615918651,-1.3271563084907076
-0.6619738056474858,-0.7208652390597047,1.2816058842188969,-1.9495561175428169,-0.4440803543170915,-1.6335955900819268
2.4437714751231194,-0.5302140862806423,-0.6655887911851285,0.255298108079945,-0.3865642087429793,0.0810198001263217
0.7609082117212175,-0.8591723776563782,-0.1660663706523791,-0.5285227869483625,-0.8800715955215098,-1.1494920624280274
-0.0273499231355188,0.0541306243689644,-0.1903005764188383,-0.0075646895136156,0.7085054874828238,0.7001906000613809
0.526026992016775,0.6703697095978676,-1.8175826046146215,3.803891002561987,1.4343403868754734,0.7617819345003892
0.9048142899491411,0.9366956264260002,-0.430626897820405,1.543731151052654,-0.5074424032118513,0.9666186466095268
-0.3464175144250082,0.9387714085041946,-0.5441048471300848,-0.9472739012910082,-0.7639078392144504,0.5675154265975872
1.3132383331186963,-0.595023357782593,2.644971617344817,0.5636626883478033,-0.2754920456506772,1.024947095187
-1.2197360212569994,0.0875298196157389,-0.1235963288134375,-0.1136281217539485,3.662383862148052,-1.7263460107625728
-1.715490834352456,-0.2246177015501085,0.6656908986632233,-0.1136281217539485,-0.6194574539365159,-1.4886327290424537
0.4408101295781316,-0.4542304705386984,0.903307349107787,0.073966360938555,1.6436614412599475,0.3715912030489387
1.080746460403119,1.6771011928163018,-0.2755036026445603,0.512697932087054,-0.4210738960874466,0.942822814124874
-1.566226843768093,0.068834612288864,0.6595865491140367,0.073966360938555,-0.7999261467706976,-1.5017630451985469
-0.657918887996447,-0.5827684376488566,1.149180656067215,-1.9261469307726855,-0.4821730146645364,-1.6319695891519512
1.070593586372552,1.407977268619967,-0.2707860323317545,0.3645924185849083,-0.4406859588405866,0.803169260447595
0.13524203410131,-1.0085542091754198,0.7540077205598679,-0.1136281217539485,-0.5215857176972888,-1.3903823805248916
0.7729027917009617,0.0589823447142105,0.6714871201273306,0.087064108363828,-0.590793669912696,1.368906804202862
1.850833471980868,1.4028369855873932,-0.616110411872612,0.5563923958832795,-0.6913054915225381,0.8878958733333364
-0.8641097605225493,-0.4300780108419835,0.9215687251109822,-1.899758882473532,0.901231719537718,-1.7059646120009748
1.3194978839169609,-0.6208200506056264,-0.104526020308624,-0.5411718480550423,-0.7118604419080405,0.7452327124611084
-2.579658104029564,2.5495016651740783,-0.8941422085790902,0.1238484783011909,-0.2794521737065998,0.7938662270302181
1.3407435846567324,-0.4034761600147795,-0.3256035617723599,-0.3811799326771065,-0.571558762212501,0.7866909331352396
0.5947684169025076,0.8969009356842895,-0.1442051184667886,1.3518602900759773,0.732454833344831,1.215477479441279
1.384152796637241,0.8909832478015827,-0.2848641174196603,1.5672097723281655,1.1282790614106069,0.8335164738434725
-1.0341415124582112,-0.3912549970286693,1.0807773634127027,-1.6769355631742566,-0.9455079972074668,-0.9300524523877196
-1.384641484664623,1.24080860949793,1.4490915685540389,0.073966360938555,-1.1352169888388013,-1.91534337374205
0.5568025945292021,-0.9717276151282204,0.9473526653099308,-0.0536517109150327,1.3287369720508737,0.3715922512385563
0.0618713973550673,-0.9815443386523937,0.5507269732151712,0.1238484783011909,-0.1057722718254279,-1.225831953984315
0.2332388155845005,-0.932522391303542,0.6685994748120639,0.2077015625259942,-0.2800179062860172,-1.3886980986459745
0.8253461836314734,-0.598107984368543,0.5990400694322643,0.0495260068790138,-0.7439186214083654,1.0809212837527806
0.4663068819521484,0.7891419122496182,-1.0239987776405663,3.5282697066648674,1.6687422522807898,0.7580355559250781
0.8565941465279863,1.1754433082858715,-0.4683976419342396,1.2225617679604297,-0.3991989030166368,0.2908234585813149
0.6638568494018902,0.710742502554461,0.5596509088700873,1.4349992391878297,0.1080746431943862,1.200213653438332
-0.0068545643927335,0.7057414686067525,0.1018541061335917,-0.0994967032946728,0.5897016458051492,0.1857008643943625
-1.8414652373279328,-0.7348510622136051,0.6921687606279605,-0.1136281217539485,-0.579856173377291,-1.3897705283014048
0.4738062282919383,-0.3845477295310526,0.6803424865062337,-0.0928313739395379,0.9545991595294352,0.4648748057629215
2.5977408202880348,3.8984308582838114,-0.5306708847909815,1.290260244072679,0.1895401346305057,0.8354661195500479
-0.690142516422227,-0.9224026567061088,1.6655134107959044,-2.026179896087789,-1.0098129337345891,-1.6953758171793534
-2.5237756611903004,2.128354356497129,-0.88077606263669,0.073966360938555,-0.2690804097506122,0.7934361339525428
0.4468758468266413,-1.395638768994432,0.2244834056453409,-1.5058449582210378,-1.3087083131935004,1.7091695206363953
1.698321700143382,0.9301271212949476,-0.467305395802383,0.2358650728900704,-0.5477979938769663,0.9476259966008408
-1.7359998229613205,-0.6308263389954032,-0.2165063034525977,-1.1300502829412096,-0.2794521737065998,-0.7854765173717461
2.5315971554986847,-0.6147993043771864,-0.7834046552519893,0.4628927343227387,-0.471424095655604,0.1358676834513014
1.3364310250860183,-0.5993321932154866,-0.1017213657179044,-0.4851132020534761,-0.6737677815605957,0.7602933078150484
-0.0593267489156784,-0.5225299479236666,-1.0233907289785824,1.1763025315521214,-0.4312570825169616,0.7079615402711508
-0.4650959772069994,-0.6504391770975028,1.2308485378267706,-1.6706147731086145,-0.6822537702518582,-0.4899260806420515
1.417845537833543,1.1755815839341346,-0.742512086580734,2.291944578000295,-0.3824155031605843,1.166933230875996
1.1307472482059169,1.5441928799715865,-0.1969133376977686,0.7553385431536862,-0.5521352769858336,1.0609283435755317
-0.9434175327151896,-0.4920327952310546,1.0291006705361347,0.1238484783011909,-0.8874261190539372,-0.8904452687641448
2.586241705883801,3.2167367216688465,-0.3897201474130329,1.319429638251418,-0.5947537979686185,0.848426647381721
0.2047497583044536,0.2625677946883956,0.5044902475492081,-0.3141675230431794,-0.6637731726575532,0.0590333041628336
0.0341469649323512,-0.1648612365278834,-1.490892610849031,0.8727724497375963,-0.6554757614927632,0.7656649368356099
0.7013497532017853,-1.6153562622093962,-0.2040176574582932,-1.421101731658826,-0.4923562010940513,-1.430519851367239
-0.7215845799879759,0.1223387314546758,-1.0872577512038315,-0.0817389828719208,1.4003964321104236,0.0091031400372214
-0.3682382113298431,0.6168183617387245,0.0565140746504498,1.6479438481480253,0.0873311152824112,0.2252048701468824
-2.213041596717144,0.0001123502850649,-1.0145484302459102,0.1238484783011909,-0.9313646827220295,-1.8545716943339816
-0.1075381408077455,-0.9580256508526118,0.2048526548456827,-0.1136281217539485,-0.2439995987297698,-1.2094373948836126
-0.5026006440739343,-1.0525454225493205,2.222670029392304,-0.0536517109150327,1.1916411103053668,0.5527863326046224
-1.0749682527547508,-0.6000373765577061,1.0046016262154076,-0.1136281217539485,-0.7275123766052579,-0.8954593890597591
0.5127109471833647,0.51308236798545,0.5642865552009414,1.0383962366155786,-0.5119682638471913,1.0096897417623305
-0.1535660886870193,0.2294117237420958,0.4932407614985035,-0.9050825274340032,2.1026591406940103,1.40367605532914
-1.0543175759707777,-0.4755930371079798,0.973848105217088,0.073966360938555,-0.6677333007134757,-0.8491199890718529
-0.5477928293467701,-1.4197672093131677,0.9256784824790842,0.2077015625259942,2.502254919289236,1.3496136474436389
-0.6909746104573324,-1.2516810827898808,1.6955563362411317,-0.0536517109150327,-1.1263538450945938,-1.7164918251868304
0.6630314208871285,-0.4302107692149589,-1.1592602422986042,0.1207828352697654,-0.2707776074888648,-0.439221173860632
-0.8406990271351291,0.1929730203555237,0.8382967036217157,-0.7148209021363668,0.0002082980521166,-1.6284438744167318
0.7036983341631114,0.2627044502114047,0.5602600099521613,0.0580699459391923,0.6091251310318165,0.7192402392297242
-1.346252385518674,2.1134973246023327,0.8174731360399712,0.1238484783011909,-0.6045598293451885,-0.3586668066931079
-0.7980844052232952,-0.0080377408600646,1.232987775897601,-2.105709938505816,-0.2507883896827799,-2.081805396632693
0.0618713973550673,2.289024301808145,-1.2389136178177873,-0.1324424229974972,-0.931553260248502,0.702717797014007
-0.1898764930187653,-0.9261647134802404,1.2482095209901345,-1.5173146669852204,-0.5796675958508185,-0.3297051422047665
0.2042138544611801,1.8461969739099715,-1.041548630684925,-0.3379113437628712,-0.9083582244923848,0.7031419644123375
-0.856381324447577,-0.7309270337575566,0.9519847647498036,-1.9497144943765072,0.789405246339526,-1.776118444873903
0.3273703955444175,-0.6399518408449879,1.292356268626836,-0.1902012073765512,-0.9121297750218348,1.7515048820620425
1.455464897798347,0.9632426210374052,0.1668424353014282,2.0348494767727128,-0.6264348224159983,1.1714664067874032
-1.3563602749761865,0.639776635960064,1.3030793348491885,0.1238484783011909,-1.1186221665092213,-1.861309112209292
0.0088972922550328,0.3652793689482782,0.4057116703587994,-0.0536517109150327,-0.1497108354935202,0.1831250684094891
-1.4334801318153123,-1.0703161033577668,-0.2972729107328222,-1.620196580873612,-0.2079812911735225,-0.95337259911793
1.9506435350951248,1.493352226301772,-1.0870307183420038,0.2761676157793938,-0.7997375692442251,1.375106372539322
-0.6728696426674553,0.2858579699476107,1.4737085378985235,-0.0536517109150327,-0.4880189179851839,-1.2977038912035102
0.928526700624345,-0.2113909445176247,0.2511634907572398,0.9397571870322424,-0.1306645053197978,0.0880723958485899
0.9240482776305302,0.0196862339049518,0.702959323533917,0.096813200016611,-0.6326578807895908,1.3621456540462669
-0.5468311262942961,0.5782055251408851,-1.8225974479271705,-0.2157733256751906,2.14037464598851,-0.5853819751976658
0.6229750269987064,0.5565952938360688,0.2832501763645221,0.0208589049338982,1.6845827645044795,0.727424025847663
0.7235052666499727,-1.0141669425152866,0.2019380207507227,-0.6166835456569433,-0.4733098709203289,0.6089465853625563
1.1826058709678269,0.9781853493894446,-0.3353698790887586,-0.0536517109150327,-0.6922483791549006,1.4716816646953912
-0.3557238852989448,-0.1698635672565204,-0.5784884700083066,0.6721308399160905,-0.3088702678363096,0.3446647724811653
-1.9796680600941547,-0.3305439004294605,-0.0414404218361087,-1.5104497034093003,0.0786565490646762,-2.001409709040236
-0.0603241252571418,-1.0846781291258183,0.5344134594310811,0.2077015625259942,-0.1917636238968875,-1.232251940689962
1.3314239857230137,1.2704304963292623,-0.4502343537597663,1.4253243776531073,1.5995343000653826,0.8216409949701894
-0.6493751727819618,0.6230713610910384,2.354208492385064,0.1326587414936181,-0.5600555330976786,1.5194653355295678
-0.6019877889763423,-0.2571325364509832,1.445537749750584,0.073966360938555,-0.1919522014233601,-0.8192846050853823
-0.0480646764765294,0.8390045616531203,-0.6411915280459445,1.0778218601798932,-0.4348400555199391,-0.2953689415664346
-0.4368136047309029,-1.6072812345986236,0.7205651682872666,0.1238484783011909,-0.7580619358938028,-2.1668172933932497
-1.4311109831741045,0.0788792016649526,1.53645361848288,-2.0199530401438404,-1.1131534182415188,-2.0183377211328364
-0.0486108794289729,-0.0936717245759306,-1.6398163409043085,0.7512488895592174,-0.0940804651841329,-0.2496360821237156
-1.2878273929842503,-0.1553890687174147,-0.0842869282576271,-0.1136281217539485,0.144658683330051,0.1976113214320864
0.5983482353097713,1.4152624783621155,-0.3577165384556241,0.689925989611456,-0.0637194834220606,-0.030186790021535
0.1318009278971159,-1.309550027011338,0.1944206449716277,-0.4089567437440871,-0.9900122934549768,0.7882105957696091
-1.3719336257919832,0.4496354210083548,0.7155384562263591,-0.0536517109150327,-0.7503302573084303,-0.4075403906471047
-1.1507367718349866,-0.1139947765772361,-0.7159404219886343,-0.0892549051454357,0.6668298541324015,-0.1123297305412559
0.8086984961904975,-0.1509865893641091,0.4038721026982386,0.7963004867843593,-0.3959930850666042,0.0695835005602883
-0.6305093242412189,-0.3478870043158031,0.2695193165442027,-0.1136281217539485,2.3789252169762216,0.201669387493917
-1.3859678249136616,0.1074184023553616,0.6336615919559513,-1.5749327110876443,-0.381566904291458,1.2252206372788812
-0.9378892623564716,-0.2795295870312537,1.0088763938893035,0.2077015625259942,-0.9588970015870144,-0.8710898962853338
-0.0603241252571418,0.8729010366477942,-0.704084961265582,1.083891389218296,-0.573067382424281,-0.2938506704844144
-0.590031543341754,0.1198567165835131,0.9743227677283162,-1.815877958472792,-0.6075770697687485,-1.57882726282764
0.5803039031909248,-0.3283644065096321,-0.0945635231815313,0.2077015625259942,-0.5202656750119812,1.035544885575738
-1.6421421501057931,0.0548500893195162,-2.011453375957146,-0.0562682713924611,-0.2915211354008398,1.6193459809733453
0.4155136422714154,-1.0996677594232391,0.2615491576148479,0.2823999123000601,-0.4073077366549543,-0.080929127656712
-0.7758433451433954,0.2280132050744835,-1.7085496798241266,-0.4556843066833281,1.796220660176199,-0.02724643541934
-1.0849607520676194,1.0648603078281895,-1.0395044883113551,0.0885937355506931,1.4711130045376108,0.1670190894502688
-1.4541935018470271,-0.7747999303371653,-0.2970319431939126,-1.6138096149513088,-0.4237139814580616,-0.9821780903703125
-0.551962160307117,-1.311981569535036,0.039030184583867,0.2077015625259942,1.4124653938046632,-0.3618710175694536
0.9816289515833172,0.2881234802653834,-0.1426980476776921,1.6919735643626947,-0.7201578530728305,0.9709728695218044
0.7738952963842671,-1.0174977736818684,-0.4821499112962245,1.3428468565392648,-0.6481212379603357,1.7515048820620425
0.6927510007030455,0.90614377748794,-0.5044845333156852,1.6353834428847067,0.42073618208579,1.2232949714575685
0.801327477791005,0.0492871816384621,0.6575189972762367,0.0292896514366668,-0.6258690898365808,1.367522884692003
-0.0823418307329607,1.0735334850020517,0.2334343399766982,-0.4096237236500924,1.4356604295607809,0.1846507455650822
-0.2762900792815093,0.1408078564288646,-0.770145595097037,0.7153650161359977,-0.1644198825583752,0.3857610102783618
0.4895070249232205,-0.2432968403657973,0.0901879116782467,0.073966360938555,0.0243462214405965,0.997093938061956
-0.0075463495833177,-0.757987536598398,0.578938850816091,-1.681859341836865,-0.3986331704372193,-0.5111885020155087
-0.1966222157070189,-0.8739893250656332,1.2276932270310332,-1.5460657253969974,-0.6418981795867433,-0.3163781042082936
1.0679616637125375,1.4852324852761611,-0.2892518340893956,0.4425857602507441,-0.5008421897853138,0.8712712976584891
-0.3471201176306272,0.1394065808254209,-0.6976435484275031,0.6712692837917481,-0.0177065669627707,0.3721985163643853
0.9436152118399126,-0.3544631369693232,0.7145579376273942,0.8531227294921777,-0.4874531854057664,0.0979003351082202
0.4309380129318939,-0.1411818738271134,-1.066962118614749,0.1140523843810343,-0.6537785637545107,0.3848807638724263
-0.6347889131050113,-1.0517123480171369,1.8731862811866111,0.1238484783011909,-1.0409282256025516,-1.6726136672414833
0.9289539196805626,1.31796255130762,-0.0513782234882885,0.7937051706484956,-0.0409016027188881,1.188617743470346
-0.1691968338447236,-1.0978722624176291,-0.1680987258813245,-1.046219650926313,-0.4054219613902292,-0.2092940426475271
0.5348571424060482,-0.673459935057109,0.5811491296020607,-0.1136281217539485,-0.6709391186635082,0.958567933175301
-1.1509637234852437,0.0789053346937364,1.6646693077709216,-0.1136281217539485,-0.3937301547489343,-1.0103511452366876
0.7698628718827942,-0.9148355383624974,0.0585209758724895,-0.678671858669767,-0.4544521182730791,0.6299062372646793
2.6863281886109047,3.2220548849241726,-0.3981837037949356,0.9630572301138994,-0.6411438694808533,0.8370710925942556
-0.9791258608979884,-1.3513903947726873,1.4845815124290598,-1.9667031968559665,0.6347716746320766,-0.2607932209722131
-1.0039857398952017,-1.4222335607044576,1.5004902819373398,-1.9968281326413893,0.633828786999714,-0.3033430159706629
-1.1485269839649663,0.4361215614434462,-0.7964169944632196,0.1185542585081578,1.5350407860117878,0.1525525744384918
0.331107103677567,-0.547665605817655,-0.0567656882412144,-0.5055360587047025,0.660229640705864,0.025785332298856
-1.9572378331795848,-0.4814750209698556,-0.0200455616031403,-1.6600260009170449,0.1523903619154234,-1.9847823553519168
0.697327741859051,0.7077137056209126,0.0141111563310213,0.1238484783011909,1.2913986218093187,0.7363864917154139
